pedido_id;cliente_id;data_pedido;valor_total
1;102;2024-07-30;10340
2;803;2024-02-10;1720
3;17;2023-03-04;14400
4;952;2023-04-07;2350
5;452;2024-02-07;12120
6;1;2024-01-09;440
7;208;2024-10-02;2300
8;932;2023-03-12;1500
9;904;2024-08-23;9400
10;310;2023-04-08;1700
11;896;2023-08-04;9640
12;96;2024-08-28;6020
13;370;2023-07-11;2400
14;85;2023-11-12;4500
15;681;2024-08-22;2400
16;170;2022-12-20;1220
17;406;2024-07-29;5250
18;313;2024-11-09;320
19;717;2024-12-09;1200
20;240;2024-01-10;9000
21;672;2023-01-29;8140
22;721;2023-02-02;9000
23;2;2023-06-03;400
24;489;2023-01-15;1500
25;136;2024-06-26;590
26;232;2024-04-11;240
27;697;2024-01-26;1820
28;10;2022-11-05;1500
29;713;2023-10-14;320
30;837;2023-02-28;3700
31;881;2024-01-03;1550
32;711;2023-03-12;2120
33;490;2023-01-08;7700
34;235;2023-11-24;11200
35;92;2024-11-14;2400
36;826;2023-02-09;5000
37;106;2023-09-13;9800
38;377;2023-08-30;9350
39;141;2023-11-23;13550
40;793;2024-12-07;4900
41;896;2023-03-13;2700
42;657;2024-09-20;6500
43;147;2023-01-06;4340
44;544;2024-05-26;9870
45;9;2024-07-13;240
46;666;2023-04-14;3320
47;451;2023-10-22;3340
48;740;2023-06-03;12300
49;644;2024-12-02;240
50;156;2023-12-23;2000
51;631;2024-09-30;13300
52;454;2023-06-07;6150
53;89;2023-02-07;1500
54;144;2024-12-06;1000
55;127;2024-06-22;12200
56;748;2023-11-25;5090
57;360;2024-01-10;350
58;323;2023-03-20;5020
59;254;2023-08-07;5300
60;661;2023-01-22;4700
61;255;2024-05-16;350
62;616;2024-07-03;4600
63;739;2024-07-11;7940
64;292;2025-01-02;8140
65;964;2024-10-04;12040
66;28;2024-09-01;3200
67;897;2023-09-01;5200
68;211;2024-04-10;1500
69;622;2024-04-01;8320
70;194;2024-12-01;1500
71;402;2023-08-26;11920
72;662;2022-12-22;1320
73;803;2023-06-30;9240
74;507;2023-11-27;7900
75;116;2023-07-01;400
76;512;2024-08-11;5200
77;609;2023-01-08;400
78;541;2022-11-09;7900
79;370;2023-09-17;3990
80;136;2023-11-28;120
81;882;2024-06-01;4400
82;431;2023-11-06;4740
83;560;2024-09-26;13300
84;177;2024-12-17;2540
85;483;2024-12-24;6350
86;75;2022-11-14;4400
87;602;2023-01-05;7700
88;15;2023-07-23;1040
89;221;2022-12-07;10900
90;945;2022-12-28;10040
91;972;2023-12-09;5840
92;519;2023-08-17;900
93;644;2024-10-26;120
94;514;2024-12-21;3800
95;426;2024-01-04;2340
96;719;2023-12-13;2400
97;85;2024-08-13;1600
98;550;2024-04-30;1500
99;631;2023-04-02;1200
100;285;2023-01-21;9940
101;318;2023-01-16;4700
102;524;2023-05-24;700
103;998;2023-04-05;10950
104;550;2023-09-27;3150
105;401;2024-06-19;800
106;650;2024-12-17;1440
107;855;2024-08-23;5520
108;698;2024-08-16;9000
109;68;2023-09-10;1000
110;716;2024-01-18;3250
111;748;2023-06-29;1720
112;60;2023-07-05;2320
113;89;2024-01-15;11920
114;119;2024-02-04;200
115;627;2024-07-12;2800
116;57;2023-09-09;3800
117;683;2024-11-25;2020
118;674;2024-11-24;4620
119;180;2023-02-27;4640
120;13;2024-10-21;4900
121;141;2024-10-15;4700
122;12;2023-04-13;2140
123;509;2023-10-18;10200
124;536;2024-04-09;200
125;802;2024-11-04;6000
126;266;2023-04-16;9940
127;381;2023-03-06;12350
128;768;2025-01-04;2250
129;895;2023-07-30;5600
130;751;2023-02-25;1720
131;790;2022-11-27;2800
132;344;2024-01-10;400
133;279;2024-04-16;4020
134;66;2023-07-24;3900
135;730;2024-06-09;2750
136;643;2023-01-14;3000
137;509;2024-02-06;3790
138;524;2023-10-31;800
139;57;2024-03-22;1320
140;880;2024-05-30;1500
141;171;2023-11-08;1500
142;162;2023-07-16;12000
143;792;2023-02-10;700
144;916;2024-06-06;920
145;691;2024-11-06;2400
146;119;2023-06-18;6100
147;759;2024-04-01;920
148;3;2022-12-12;1200
149;880;2022-11-09;1200
150;251;2022-12-14;240
151;484;2023-11-04;6900
152;393;2023-03-30;120
153;184;2022-12-03;120
154;567;2024-10-28;350
155;759;2024-08-29;240
156;430;2023-06-14;820
157;330;2023-07-09;400
158;427;2024-11-03;1600
159;328;2023-08-01;940
160;846;2023-01-15;10020
161;586;2023-11-13;12200
162;123;2024-03-25;2400
163;690;2022-12-20;4650
164;184;2023-06-13;12200
165;824;2024-04-08;5950
166;48;2023-12-12;2600
167;71;2024-02-16;3700
168;887;2023-08-13;1100
169;793;2023-09-11;2920
170;336;2023-01-24;4340
171;567;2024-02-07;3520
172;9;2023-11-09;670
173;206;2023-08-22;7200
174;578;2023-09-04;5650
175;758;2024-07-26;7600
176;249;2024-02-15;400
177;378;2024-06-24;1140
178;996;2024-03-16;900
179;792;2024-12-30;400
180;201;2024-11-16;11920
181;923;2024-05-09;1950
182;779;2023-07-06;4140
183;155;2022-11-03;1200
184;955;2023-12-21;350
185;25;2023-06-23;400
186;555;2023-10-17;6620
187;652;2024-10-07;6200
188;899;2022-11-06;800
189;974;2023-10-06;1900
190;2;2024-12-13;2340
191;674;2023-11-17;1390
192;870;2024-11-21;9400
193;745;2023-09-07;4550
194;107;2023-05-26;2050
195;543;2023-06-28;8800
196;430;2024-03-14;2400
197;985;2022-12-28;200
198;996;2023-03-22;11520
199;729;2023-08-10;9000
200;96;2022-12-11;2520
201;944;2023-06-22;6100
202;919;2024-04-12;4950
203;423;2024-10-14;8320
204;918;2023-11-13;1900
205;470;2024-12-01;9000
206;87;2024-06-13;7740
207;98;2024-03-28;1800
208;137;2024-08-10;5370
209;840;2023-12-05;12200
210;77;2024-06-25;2300
211;582;2022-12-30;3190
212;446;2024-09-05;7600
213;988;2023-03-10;6350
214;243;2023-08-22;1600
215;268;2023-09-15;4700
216;949;2023-12-04;11400
217;718;2024-11-19;2240
218;335;2023-09-18;5650
219;464;2023-08-02;9200
220;240;2023-01-12;5370
221;967;2023-05-23;10840
222;140;2025-01-03;120
223;789;2024-06-17;3900
224;112;2023-04-05;11600
225;109;2023-04-14;1200
226;461;2024-02-17;200
227;322;2023-12-18;3400
228;124;2024-04-28;11820
229;367;2024-12-24;10300
230;213;2024-02-02;2400
231;316;2024-02-14;3550
232;272;2023-02-27;120
233;93;2023-04-07;7700
234;827;2024-09-29;3800
235;312;2024-10-18;3550
236;714;2024-07-06;2940
237;42;2023-06-05;3000
238;856;2023-09-28;4500
239;152;2023-01-29;3850
240;729;2023-07-09;400
241;992;2023-10-27;10440
242;406;2024-04-05;5700
243;51;2024-09-20;1150
244;307;2023-07-21;1440
245;840;2023-04-24;3050
246;32;2023-12-16;7400
247;876;2024-02-03;9350
248;570;2024-12-02;3350
249;564;2023-07-10;700
250;97;2024-02-13;12400
251;105;2023-03-20;13400
252;125;2022-11-09;6220
253;64;2025-01-04;11090
254;228;2023-03-10;2400
255;203;2023-12-12;3000
256;382;2024-09-29;10320
257;646;2024-08-18;12120
258;87;2024-06-15;4500
259;601;2023-07-20;2400
260;940;2023-01-12;400
261;23;2023-01-02;800
262;203;2024-08-19;400
263;455;2023-03-08;4500
264;95;2023-10-02;400
265;126;2022-12-10;10140
266;965;2024-02-12;11500
267;52;2023-04-18;4500
268;947;2024-06-06;1500
269;444;2024-11-07;3700
270;405;2024-03-19;3450
271;31;2023-11-23;240
272;700;2024-01-07;3050
273;177;2023-10-25;5100
274;220;2023-05-07;2400
275;282;2023-08-10;470
276;457;2023-03-29;3340
277;36;2024-07-17;1720
278;635;2024-07-20;8140
279;252;2024-08-20;2300
280;303;2024-03-21;200
281;422;2024-05-13;200
282;491;2022-12-29;240
283;90;2023-08-10;2170
284;393;2023-03-17;1120
285;430;2023-05-20;9120
286;659;2024-04-18;4500
287;256;2024-08-03;10140
288;822;2024-05-06;2320
289;814;2022-11-16;920
290;392;2025-01-05;2900
291;731;2023-10-30;920
292;492;2024-05-07;2300
293;801;2024-03-07;800
294;353;2024-05-29;240
295;515;2023-09-22;5000
296;398;2023-07-31;2500
297;185;2022-11-23;2520
298;327;2024-06-30;5000
299;225;2022-11-27;120
300;918;2025-01-02;3100
301;288;2022-12-26;3900
302;829;2024-02-23;11200
303;543;2023-10-29;200
304;786;2024-06-17;3750
305;239;2023-04-09;4500
306;103;2023-07-08;10740
307;673;2023-07-01;1350
308;273;2024-04-26;800
309;836;2024-11-20;3400
310;58;2024-12-18;1600
311;971;2023-06-09;2640
312;590;2023-11-29;9800
313;364;2023-04-23;2000
314;181;2023-06-27;3120
315;607;2023-09-18;4500
316;826;2024-11-21;6200
317;715;2023-10-30;4100
318;936;2024-06-24;13140
319;29;2024-10-17;5420
320;718;2023-10-23;120
321;971;2024-05-31;2400
322;578;2023-03-22;520
323;577;2023-05-08;200
324;857;2024-03-15;1600
325;556;2023-09-09;240
326;180;2024-03-13;7490
327;39;2023-01-28;4020
328;58;2023-06-23;240
329;617;2023-06-09;800
330;21;2024-04-19;3400
331;490;2022-10-28;13100
332;340;2024-07-17;1440
333;207;2023-03-10;7370
334;349;2024-10-31;2250
335;182;2023-09-24;11300
336;61;2022-11-19;9840
337;152;2024-06-19;2190
338;722;2023-03-22;350
339;793;2023-02-18;2700
340;867;2024-04-18;1500
341;882;2023-11-05;1920
342;984;2023-01-10;7200
343;383;2024-10-18;1520
344;965;2024-09-05;1550
345;406;2024-06-19;7450
346;104;2023-10-07;320
347;310;2023-09-23;1200
348;140;2023-04-07;200
349;750;2024-01-18;120
350;811;2024-08-12;590
351;984;2024-03-09;800
352;665;2023-09-17;2440
353;179;2024-10-21;120
354;992;2024-05-25;400
355;711;2024-07-17;10200
356;806;2023-10-28;7540
357;229;2024-09-08;2600
358;604;2023-04-25;9400
359;388;2023-09-07;640
360;752;2024-10-02;200
361;302;2023-03-07;11820
362;182;2024-11-12;1550
363;2;2024-10-15;240
364;972;2024-06-05;3070
365;401;2024-12-25;1220
366;989;2024-05-31;240
367;34;2023-05-02;2020
368;617;2023-09-18;3140
369;944;2024-07-15;4850
370;227;2024-08-12;4620
371;580;2023-02-11;2400
372;960;2024-03-19;1220
373;145;2023-10-02;800
374;764;2023-01-15;12200
375;244;2023-10-18;3200
376;328;2023-04-17;2800
377;652;2023-01-26;10040
378;842;2024-10-22;3400
379;687;2024-08-12;1550
380;747;2023-10-06;9800
381;458;2022-11-08;4100
382;272;2023-05-30;9000
383;256;2024-10-06;2640
384;70;2023-10-21;6200
385;263;2023-02-15;10040
386;738;2022-10-29;1900
387;50;2023-11-27;400
388;449;2024-11-16;12400
389;430;2023-04-16;4100
390;906;2023-12-25;9000
391;505;2023-11-19;900
392;360;2024-05-09;5820
393;385;2023-02-08;3450
394;849;2024-03-01;1320
395;808;2024-06-10;2770
396;667;2024-12-12;9050
397;704;2023-06-15;6200
398;167;2024-02-02;4500
399;76;2022-12-01;6400
400;302;2022-11-17;2400
401;327;2023-07-22;6600
402;975;2023-02-12;1100
403;76;2023-10-13;400
404;175;2023-11-16;9000
405;165;2024-11-15;12820
406;77;2024-05-10;8940
407;965;2023-01-31;3220
408;347;2024-06-27;7700
409;629;2024-03-05;1900
410;722;2022-11-28;12000
411;442;2024-08-27;520
412;169;2024-07-10;1200
413;912;2024-01-15;1600
414;161;2022-12-21;7250
415;104;2023-10-02;3640
416;211;2023-05-10;4950
417;420;2024-10-10;9750
418;568;2024-11-05;1720
419;948;2024-11-13;3200
420;554;2023-07-26;990
421;677;2023-08-12;3000
422;305;2023-06-28;1040
423;99;2022-12-17;5440
424;403;2024-06-04;4150
425;563;2024-03-13;6400
426;158;2022-12-22;750
427;370;2022-10-31;3390
428;438;2023-01-25;12150
429;302;2024-09-04;240
430;641;2024-07-03;800
431;492;2023-05-20;4340
432;100;2022-11-23;470
433;212;2023-04-20;12350
434;654;2023-08-22;9800
435;84;2024-02-24;9800
436;865;2023-02-23;1100
437;316;2023-12-09;4500
438;483;2024-03-11;5840
439;917;2024-09-03;2300
440;272;2023-01-29;4500
441;658;2024-05-07;4270
442;397;2023-05-05;3200
443;380;2023-11-22;4700
444;379;2023-05-07;6850
445;457;2022-12-12;120
446;270;2024-01-21;3000
447;477;2023-07-24;5020
448;232;2023-07-30;10100
449;578;2022-12-30;1550
450;155;2024-12-06;10900
451;714;2024-09-10;2100
452;100;2023-01-23;4740
453;685;2023-10-15;3120
454;828;2024-05-04;3590
455;424;2024-12-10;3220
456;604;2023-06-17;1790
457;567;2022-12-29;750
458;861;2023-11-28;1600
459;839;2024-04-15;4700
460;429;2024-04-28;10150
461;704;2024-02-26;6500
462;587;2023-06-26;240
463;488;2023-08-30;11050
464;81;2023-12-06;3440
465;925;2024-10-28;4700
466;36;2024-03-25;3900
467;585;2024-04-09;2440
468;820;2024-06-04;5100
469;694;2024-07-24;400
470;151;2023-02-28;5250
471;973;2024-12-11;10500
472;460;2023-04-23;11240
473;972;2023-04-17;1500
474;996;2023-06-01;700
475;828;2023-05-13;2320
476;130;2022-12-10;4740
477;434;2023-01-16;10900
478;700;2024-01-16;200
479;207;2024-07-31;400
480;152;2024-06-28;5540
481;265;2023-09-20;13300
482;933;2024-11-10;5700
483;937;2023-01-04;9000
484;90;2023-11-29;8140
485;570;2023-12-08;1150
486;566;2023-09-26;4800
487;878;2023-08-06;6220
488;533;2024-02-09;9120
489;940;2022-11-09;2800
490;806;2024-10-14;940
491;639;2024-06-20;2400
492;536;2025-01-05;1820
493;430;2023-02-20;400
494;425;2023-03-30;320
495;152;2024-05-30;700
496;603;2024-06-15;15100
497;777;2023-02-07;800
498;948;2023-02-13;1620
499;577;2025-01-03;9600
500;104;2023-08-16;6470
501;889;2024-04-28;6900
502;902;2023-10-15;5700
503;899;2023-12-22;2400
504;271;2023-11-24;1390
505;671;2024-03-08;13700
506;586;2024-07-12;2100
507;485;2022-12-05;5300
508;177;2023-08-06;1600
509;413;2023-03-24;2190
510;634;2024-07-12;350
511;698;2024-10-07;1550
512;412;2022-12-06;2700
513;406;2023-10-02;750
514;708;2023-06-28;590
515;51;2024-11-29;3000
516;487;2023-07-30;1670
517;919;2023-11-13;5400
518;21;2023-10-08;11750
519;838;2023-09-03;12520
520;319;2023-08-11;400
521;864;2024-03-14;13900
522;879;2024-10-09;2220
523;702;2023-02-05;4550
524;996;2023-06-18;120
525;138;2023-08-31;1500
526;998;2024-11-27;9590
527;454;2024-12-28;350
528;846;2023-09-21;10500
529;276;2024-11-12;7900
530;427;2024-07-08;5600
531;662;2023-01-27;9200
532;193;2024-01-23;2600
533;217;2023-12-18;3520
534;759;2024-03-07;1500
535;778;2024-04-08;6900
536;889;2023-11-14;3670
537;841;2022-12-24;1320
538;528;2023-04-08;6900
539;68;2023-09-11;8090
540;727;2024-03-29;4500
541;414;2023-03-15;120
542;800;2024-04-16;200
543;901;2024-06-01;400
544;30;2023-04-23;3000
545;198;2023-05-21;120
546;858;2022-12-26;6320
547;256;2022-11-30;10500
548;468;2022-12-18;400
549;941;2023-11-01;3000
550;722;2023-05-19;3000
551;281;2023-11-09;4620
552;844;2024-02-15;4640
553;518;2023-12-08;4740
554;651;2023-03-03;7700
555;698;2022-11-28;1500
556;248;2023-11-13;3900
557;501;2024-06-27;3990
558;457;2023-04-27;5050
559;984;2024-02-25;1790
560;601;2024-05-14;10020
561;359;2023-10-15;3500
562;168;2023-07-19;1100
563;767;2024-10-02;5000
564;93;2023-08-15;9350
565;29;2023-11-27;120
566;51;2023-04-12;2940
567;875;2024-06-04;1320
568;799;2023-06-04;520
569;878;2023-06-11;350
570;663;2023-06-15;6450
571;694;2023-05-27;9120
572;276;2024-08-25;120
573;420;2024-04-05;3000
574;21;2025-01-04;920
575;991;2024-12-21;3200
576;699;2022-11-06;120
577;486;2023-03-12;1500
578;663;2023-04-23;11400
579;616;2022-11-05;2500
580;230;2023-07-13;8400
581;623;2023-09-05;240
582;730;2024-10-23;1100
583;659;2023-08-05;5950
584;434;2023-11-17;4700
585;873;2023-10-20;6400
586;471;2023-07-13;4500
587;224;2024-02-17;800
588;310;2024-09-20;1620
589;534;2024-07-27;7850
590;407;2024-06-17;200
591;105;2022-11-04;9900
592;524;2024-09-05;5720
593;990;2023-11-15;3000
594;575;2024-08-20;10820
595;609;2024-07-12;470
596;290;2023-08-29;3040
597;701;2023-02-15;700
598;494;2023-01-01;1620
599;345;2023-08-07;5820
600;656;2023-09-25;1320
601;883;2023-08-07;10040
602;268;2024-08-29;2920
603;729;2024-08-25;3400
604;306;2023-05-08;3800
605;154;2024-04-09;6550
606;784;2023-07-01;4020
607;922;2022-12-25;12400
608;825;2024-07-03;120
609;414;2024-09-03;2940
610;328;2024-09-24;6640
611;144;2024-11-04;1620
612;27;2024-08-29;11140
613;510;2023-08-26;4740
614;266;2023-12-30;7600
615;415;2023-11-29;2400
616;755;2022-12-03;1440
617;598;2024-10-22;3100
618;586;2023-05-10;1500
619;352;2024-11-09;350
620;731;2023-06-12;1150
621;703;2024-04-27;1600
622;654;2024-02-27;12350
623;929;2024-09-14;4500
624;368;2024-03-30;1900
625;308;2023-04-20;320
626;861;2024-08-31;5700
627;898;2024-05-21;6900
628;186;2023-08-24;240
629;100;2024-02-22;4340
630;132;2024-11-24;6350
631;265;2024-11-08;3000
632;828;2024-05-22;1200
633;782;2023-05-03;8300
634;970;2024-09-23;12440
635;922;2023-10-06;200
636;671;2023-01-27;1500
637;228;2023-10-26;1200
638;229;2024-11-28;4500
639;893;2023-09-07;4150
640;431;2023-10-02;4540
641;381;2023-07-21;1990
642;600;2023-08-25;12000
643;475;2023-02-25;320
644;482;2022-12-21;1200
645;888;2024-08-07;7500
646;598;2024-06-13;350
647;967;2024-07-24;1270
648;73;2024-02-23;1900
649;911;2023-05-15;5420
650;513;2023-02-27;4500
651;889;2024-09-24;9440
652;391;2024-04-22;6900
653;306;2023-12-25;12440
654;56;2023-03-31;320
655;141;2023-05-21;9000
656;351;2023-12-21;3400
657;584;2024-02-08;120
658;147;2023-09-16;1500
659;884;2024-10-29;600
660;185;2025-01-02;200
661;83;2024-03-10;5200
662;341;2024-08-04;11640
663;182;2023-09-13;4540
664;650;2022-12-26;7100
665;5;2024-02-02;4950
666;281;2023-05-30;5250
667;780;2024-12-28;5600
668;173;2024-06-09;240
669;783;2023-04-08;1620
670;502;2024-12-17;600
671;799;2023-01-26;9750
672;133;2024-07-18;12000
673;445;2024-08-06;1740
674;440;2023-12-15;3000
675;440;2024-02-28;2740
676;393;2022-11-01;7600
677;39;2024-04-26;11020
678;205;2024-11-14;1600
679;383;2022-11-11;6000
680;914;2023-09-22;1500
681;776;2024-04-23;13600
682;196;2022-11-15;4500
683;693;2022-11-01;400
684;642;2024-11-17;9200
685;255;2023-06-16;9120
686;711;2023-10-15;200
687;320;2023-03-09;9000
688;106;2023-11-24;400
689;516;2024-06-21;3870
690;314;2023-04-17;3800
691;67;2022-12-13;1500
692;306;2023-08-21;5100
693;467;2024-11-11;5050
694;533;2024-06-29;1200
695;537;2023-10-08;5200
696;445;2024-09-30;11920
697;138;2023-10-13;1900
698;924;2024-03-12;1600
699;368;2024-12-04;10520
700;193;2023-04-14;5840
701;971;2023-12-15;2400
702;20;2023-06-18;12200
703;230;2024-11-10;2640
704;135;2023-06-01;2400
705;752;2022-11-19;11800
706;604;2024-03-27;2640
707;174;2023-03-03;5370
708;376;2024-10-25;3000
709;667;2022-12-05;7500
710;385;2024-08-13;3700
711;262;2024-12-25;7220
712;548;2024-07-27;2050
713;50;2024-06-27;2520
714;50;2024-09-04;11640
715;111;2024-08-27;240
716;857;2022-11-17;120
717;50;2024-10-03;12900
718;119;2023-12-28;4500
719;455;2023-11-21;2020
720;127;2024-05-10;400
721;259;2024-02-25;6500
722;719;2023-04-02;800
723;211;2024-10-08;3900
724;703;2024-08-03;240
725;10;2023-09-01;940
726;431;2024-09-04;240
727;104;2024-09-05;5320
728;533;2023-07-31;4100
729;638;2024-07-09;5800
730;718;2023-03-17;10500
731;429;2023-02-12;3900
732;524;2024-11-02;1900
733;633;2023-02-25;1600
734;290;2023-02-21;7300
735;804;2023-02-13;2400
736;510;2023-05-19;2400
737;624;2023-05-20;9000
738;797;2023-07-24;600
739;852;2024-04-15;1390
740;997;2023-05-22;10200
741;367;2024-10-17;8100
742;420;2023-08-26;3520
743;165;2022-12-07;2540
744;562;2024-03-19;12440
745;933;2023-05-28;3550
746;705;2024-03-03;800
747;339;2023-06-25;400
748;3;2022-11-10;3920
749;688;2023-01-27;800
750;929;2023-02-18;1900
751;856;2024-06-06;7500
752;686;2024-03-16;2900
753;153;2023-01-28;3120
754;799;2024-04-03;1150
755;77;2024-11-06;6050
756;741;2023-02-08;120
757;927;2023-07-17;120
758;660;2023-06-21;1200
759;468;2023-08-27;11950
760;271;2024-02-15;4600
761;52;2023-02-07;120
762;833;2023-04-24;3120
763;896;2022-12-07;12600
764;873;2023-08-21;2400
765;369;2024-09-20;11720
766;321;2024-01-07;700
767;757;2023-02-23;200
768;98;2024-12-12;11950
769;912;2022-12-13;12640
770;10;2023-03-18;1550
771;680;2024-08-20;4840
772;175;2023-09-29;4500
773;367;2024-01-19;9120
774;979;2024-07-25;5640
775;275;2024-11-16;3000
776;96;2023-11-13;4500
777;835;2023-10-13;11300
778;188;2023-02-21;4620
779;411;2023-12-11;990
780;986;2024-02-07;350
781;279;2023-11-26;4740
782;707;2024-02-29;7000
783;820;2024-01-02;2840
784;665;2023-04-16;1500
785;116;2023-03-12;2300
786;713;2024-11-09;1200
787;61;2023-04-09;3000
788;107;2023-12-28;240
789;934;2024-06-23;1950
790;495;2024-06-01;1500
791;695;2024-01-19;13200
792;186;2024-07-14;9000
793;389;2025-01-02;5620
794;368;2024-07-15;10200
795;30;2024-09-27;1200
796;902;2024-11-10;8020
797;997;2023-03-10;10520
798;495;2024-03-10;3000
799;116;2023-12-23;2400
800;452;2022-12-14;2750
801;65;2023-07-22;1200
802;671;2023-09-14;920
803;13;2024-10-18;6000
804;890;2024-09-21;6750
805;538;2024-12-21;240
806;762;2024-06-09;9400
807;742;2024-05-28;640
808;230;2024-09-12;350
809;895;2023-10-09;200
810;532;2024-04-15;2140
811;705;2024-10-14;3200
812;634;2023-02-02;400
813;444;2024-09-04;10820
814;745;2023-07-09;9590
815;494;2023-10-17;9000
816;680;2024-09-19;400
817;657;2023-11-26;10550
818;153;2024-05-21;8640
819;914;2024-07-16;7900
820;56;2022-11-08;9800
821;659;2023-04-06;13500
822;518;2024-02-20;1670
823;873;2024-03-18;1150
824;891;2023-04-15;14400
825;77;2024-12-05;3750
826;504;2023-09-21;1320
827;247;2023-10-01;11200
828;994;2023-08-08;400
829;52;2024-03-30;1200
830;229;2024-05-13;1350
831;659;2023-11-19;1620
832;413;2023-06-25;350
833;81;2024-02-10;3700
834;455;2024-06-05;1500
835;459;2023-01-26;700
836;878;2024-03-21;5250
837;458;2023-09-16;9000
838;122;2024-03-20;1500
839;764;2024-08-27;640
840;19;2023-02-10;700
841;414;2023-12-24;9640
842;37;2024-05-20;4400
843;563;2022-10-28;200
844;846;2023-01-29;4500
845;811;2024-07-07;4150
846;987;2024-07-22;350
847;653;2023-09-04;7100
848;912;2024-03-31;6500
849;576;2023-05-27;520
850;671;2024-09-14;10220
851;468;2023-10-12;8300
852;373;2022-12-22;5920
853;837;2023-06-13;10000
854;865;2024-02-05;2700
855;340;2024-05-23;10840
856;786;2024-07-23;800
857;615;2024-02-24;350
858;734;2024-08-30;240
859;373;2024-10-30;3620
860;464;2023-02-21;350
861;100;2024-12-13;700
862;675;2023-06-12;5000
863;3;2023-10-12;120
864;364;2024-08-06;3900
865;988;2023-08-22;3350
866;561;2024-04-14;1600
867;383;2024-10-15;2150
868;109;2022-12-13;3050
869;919;2023-04-14;400
870;505;2023-03-20;3270
871;842;2024-10-31;4620
872;761;2024-11-04;1500
873;420;2023-02-14;1200
874;261;2024-07-14;2140
875;201;2023-05-08;11300
876;124;2023-12-04;900
877;221;2024-02-08;350
878;845;2025-01-05;200
879;196;2024-10-30;4100
880;347;2023-02-15;6550
881;776;2023-12-26;2700
882;48;2024-08-06;2240
883;858;2024-09-15;470
884;603;2023-03-03;1200
885;791;2024-02-01;3240
886;469;2024-09-01;900
887;604;2024-03-27;1440
888;138;2024-03-21;2900
889;5;2024-04-23;2200
890;754;2022-12-16;1600
891;567;2024-01-14;5020
892;859;2024-06-18;4140
893;495;2024-03-31;3900
894;800;2023-04-27;400
895;709;2024-06-11;900
896;178;2024-11-14;4670
897;835;2023-03-08;350
898;107;2023-11-28;8050
899;674;2024-07-03;1740
900;621;2023-09-22;1240
901;517;2023-11-25;4900
902;429;2024-07-12;7820
903;938;2024-10-06;4900
904;781;2023-07-09;5370
905;281;2023-12-09;350
906;987;2023-10-14;700
907;994;2023-08-25;3800
908;464;2023-03-13;8400
909;142;2023-12-24;6100
910;617;2024-10-13;240
911;908;2024-12-02;3100
912;525;2023-08-30;11100
913;864;2024-10-15;2600
914;561;2023-09-14;4820
915;729;2024-11-20;8090
916;958;2024-05-16;5200
917;648;2023-06-07;200
918;206;2023-05-30;5920
919;640;2024-10-28;1200
920;298;2024-09-30;5770
921;354;2024-09-15;2400
922;136;2024-10-24;2200
923;666;2023-04-28;12500
924;516;2024-05-05;2320
925;711;2024-08-10;4000
926;331;2024-10-24;1270
927;119;2024-12-15;2870
928;361;2024-05-25;1390
929;492;2024-06-15;9000
930;585;2024-09-10;4900
931;728;2023-12-29;240
932;691;2024-12-01;6200
933;916;2024-04-26;2020
934;293;2024-01-03;520
935;828;2022-11-10;3800
936;536;2023-02-14;2650
937;26;2023-11-22;400
938;149;2022-12-21;6000
939;687;2022-12-24;6900
940;205;2023-07-28;240
941;769;2023-04-10;4950
942;294;2024-09-26;3600
943;257;2023-03-26;3340
944;860;2022-12-30;3000
945;708;2023-08-26;9640
946;209;2024-12-07;2300
947;555;2022-11-30;9820
948;368;2024-02-03;12000
949;105;2024-07-19;400
950;889;2024-09-18;3000
951;758;2024-05-25;700
952;886;2023-06-14;9100
953;761;2024-08-20;8520
954;575;2023-11-30;640
955;244;2024-04-03;9000
956;804;2024-10-09;200
957;295;2024-10-06;3640
958;681;2022-12-15;3350
959;949;2023-11-22;12050
960;397;2023-12-28;6900
961;980;2024-09-28;5840
962;321;2024-05-15;7550
963;56;2022-11-10;240
964;762;2023-07-12;400
965;208;2024-07-24;240
966;890;2025-01-04;5290
967;882;2024-01-24;1390
968;850;2023-06-15;440
969;934;2024-08-06;3150
970;722;2024-10-23;2250
971;664;2023-11-08;4340
972;774;2024-06-21;2600
973;560;2024-11-22;1520
974;618;2023-05-17;4540
975;795;2024-11-08;700
976;988;2023-05-14;240
977;302;2024-01-30;5940
978;182;2024-09-26;9800
979;77;2023-05-07;4140
980;986;2023-04-23;10340
981;753;2024-04-06;120
982;123;2023-11-18;2250
983;42;2024-01-09;6000
984;286;2024-05-19;10720
985;271;2023-03-10;5090
986;165;2024-06-17;590
987;867;2023-07-16;11840
988;6;2023-10-01;7490
989;478;2024-10-23;3150
990;960;2023-04-04;11250
991;41;2023-04-03;6400
992;951;2023-09-23;1320
993;612;2022-12-19;7300
994;793;2024-07-29;1200
995;631;2024-09-04;400
996;309;2024-03-13;2520
997;809;2024-06-05;200
998;564;2023-10-29;9840
999;75;2024-10-21;6550
1000;326;2024-04-18;3000
1001;226;2023-05-04;2200
1002;534;2023-01-05;13020
1003;806;2024-03-28;6900
1004;164;2023-12-27;12400
1005;557;2024-04-29;8300
1006;414;2023-01-30;11800
1007;358;2023-06-11;200
1008;905;2023-06-03;12520
1009;680;2023-10-02;4100
1010;340;2023-11-01;400
1011;301;2023-06-08;120
1012;974;2024-12-06;12900
1013;634;2024-04-23;750
1014;487;2024-05-24;400
1015;844;2024-12-06;2400
1016;665;2022-11-06;2240
1017;118;2024-09-11;7100
1018;355;2024-01-27;1200
1019;247;2024-08-15;120
1020;629;2024-07-25;700
1021;250;2022-12-07;12000
1022;699;2023-09-21;5000
1023;391;2023-02-21;2920
1024;396;2023-07-17;3100
1025;554;2024-11-07;350
1026;290;2022-11-22;12640
1027;934;2024-04-09;11990
1028;842;2024-12-24;800
1029;384;2024-04-06;3740
1030;823;2024-03-31;4740
1031;457;2024-03-09;1500
1032;45;2023-08-27;3440
1033;920;2024-08-25;700
1034;198;2023-09-21;4490
1035;527;2023-01-20;7200
1036;971;2023-02-03;10720
1037;172;2024-12-27;200
1038;551;2024-04-26;3350
1039;8;2024-07-30;10850
1040;68;2023-05-31;2490
1041;687;2024-08-02;9920
1042;793;2023-06-03;10840
1043;886;2024-09-28;4500
1044;435;2023-02-11;6150
1045;211;2024-04-30;2400
1046;849;2024-10-16;400
1047;900;2024-11-25;400
1048;794;2024-01-16;7490
1049;663;2023-01-09;2640
1050;765;2024-09-29;6000
1051;158;2022-11-21;3600
1052;471;2024-10-31;10620
1053;340;2022-12-05;3400
1054;90;2023-01-11;3940
1055;56;2023-04-28;1620
1056;814;2023-07-12;5090
1057;572;2023-01-08;400
1058;589;2023-06-18;4840
1059;933;2023-07-19;4790
1060;418;2023-11-29;200
1061;462;2024-08-03;990
1062;415;2024-01-14;3100
1063;324;2022-11-14;10550
1064;399;2024-09-16;2600
1065;122;2024-04-27;320
1066;7;2024-08-14;1100
1067;738;2024-07-22;3000
1068;65;2024-12-10;5090
1069;764;2024-06-18;120
1070;47;2024-10-14;3800
1071;869;2023-01-10;1500
1072;367;2024-03-25;5600
1073;109;2023-08-20;7540
1074;806;2024-09-29;7940
1075;309;2024-07-10;3340
1076;89;2023-08-12;3640
1077;784;2024-01-19;12040
1078;391;2023-12-06;10200
1079;842;2024-09-03;2170
1080;32;2024-02-25;3900
1081;161;2024-04-26;2200
1082;226;2023-03-16;1320
1083;765;2023-12-02;3400
1084;816;2024-05-08;1840
1085;303;2024-08-07;1900
1086;148;2023-08-29;13900
1087;694;2024-11-12;1400
1088;664;2023-11-14;1500
1089;981;2022-11-08;10600
1090;567;2024-05-18;3800
1091;145;2023-03-03;4500
1092;43;2022-11-02;1100
1093;587;2024-06-29;800
1094;404;2024-04-30;4220
1095;561;2023-01-23;5600
1096;313;2023-05-31;9700
1097;767;2024-11-25;920
1098;926;2024-11-09;1200
1099;353;2023-06-01;3600
1100;423;2024-08-19;800
1101;872;2024-04-04;3040
1102;146;2023-04-10;2600
1103;189;2023-06-11;10700
1104;632;2023-07-13;13300
1105;199;2023-02-22;5000
1106;186;2024-09-14;1500
1107;819;2024-05-30;1500
1108;873;2022-12-22;3000
1109;872;2024-12-05;9800
1110;955;2024-05-12;2190
1111;473;2024-08-18;8600
1112;563;2023-01-10;2600
1113;298;2024-09-14;3700
1114;69;2023-07-11;2300
1115;101;2023-05-18;640
1116;744;2024-06-13;4900
1117;499;2023-10-01;5050
1118;366;2023-03-08;1720
1119;688;2024-08-29;240
1120;241;2023-02-07;800
1121;292;2024-07-23;1200
1122;72;2023-05-14;7900
1123;326;2024-03-08;120
1124;462;2023-09-29;640
1125;632;2024-09-02;1750
1126;314;2024-10-07;3100
1127;599;2023-04-02;2400
1128;580;2024-05-30;8700
1129;374;2023-09-16;9700
1130;982;2024-01-09;400
1131;173;2022-11-01;120
1132;321;2023-07-07;6000
1133;805;2023-06-11;1550
1134;730;2024-11-23;1500
1135;657;2024-01-17;2420
1136;284;2023-10-31;400
1137;138;2024-09-22;1200
1138;751;2023-10-02;3300
1139;899;2024-03-02;200
1140;474;2024-01-27;6520
1141;368;2024-12-29;9000
1142;313;2024-03-09;5700
1143;565;2023-02-16;5300
1144;180;2024-08-19;2740
1145;622;2023-01-19;1620
1146;862;2023-08-11;9350
1147;880;2023-03-20;10620
1148;913;2024-05-01;3150
1149;202;2023-07-24;5370
1150;752;2024-07-30;120
1151;79;2024-11-10;1440
1152;78;2022-11-16;3640
1153;870;2024-03-30;12750
1154;647;2022-11-28;14000
1155;833;2024-06-14;7970
1156;593;2023-12-16;3000
1157;788;2024-06-23;1200
1158;218;2022-12-04;8020
1159;565;2023-07-21;240
1160;557;2024-05-02;2300
1161;484;2024-08-27;3350
1162;794;2023-03-29;4850
1163;375;2023-12-03;3400
1164;229;2024-12-26;11800
1165;604;2024-11-16;5740
1166;878;2023-08-21;9000
1167;138;2024-02-15;1320
1168;514;2024-04-02;4420
1169;93;2023-12-08;520
1170;373;2024-03-25;2520
1171;11;2024-09-05;10150
1172;245;2024-07-17;1900
1173;701;2023-04-15;11020
1174;776;2024-04-06;4420
1175;144;2024-01-27;2140
1176;164;2023-04-29;800
1177;580;2024-05-29;4100
1178;676;2023-03-26;10100
1179;754;2024-11-15;4200
1180;496;2023-10-30;4950
1181;42;2023-06-09;4500
1182;780;2024-03-10;4100
1183;238;2022-12-31;3550
1184;271;2023-11-10;120
1185;240;2022-12-10;700
1186;685;2023-05-27;400
1187;531;2023-11-01;700
1188;398;2024-02-20;1550
1189;940;2024-02-05;7900
1190;903;2022-12-14;2240
1191;41;2024-08-22;9800
1192;332;2023-02-10;4140
1193;721;2024-04-13;1470
1194;649;2023-08-04;3750
1195;855;2024-11-25;9800
1196;270;2024-06-11;1100
1197;558;2024-06-02;6900
1198;179;2023-11-17;10320
1199;670;2023-11-19;1200
1200;375;2024-06-20;640
1201;670;2023-01-15;4700
1202;530;2023-07-12;2940
1203;386;2023-06-13;1900
1204;529;2023-12-17;1900
1205;362;2023-10-16;550
1206;499;2024-03-04;800
1207;909;2024-07-07;10740
1208;7;2024-03-24;14400
1209;904;2023-03-19;120
1210;451;2023-04-15;8250
1211;236;2023-01-14;700
1212;527;2024-08-16;11200
1213;288;2023-06-01;2540
1214;154;2023-05-07;2300
1215;162;2023-11-02;700
1216;617;2024-10-31;400
1217;837;2023-02-26;3000
1218;677;2023-06-20;470
1219;425;2023-10-01;9350
1220;738;2023-02-21;12200
1221;494;2024-09-18;10040
1222;491;2024-03-01;11520
1223;216;2024-06-23;900
1224;166;2024-08-20;6800
1225;854;2023-12-22;120
1226;23;2023-07-04;9000
1227;45;2023-03-07;7000
1228;588;2024-06-25;3120
1229;165;2023-03-14;1900
1230;645;2024-04-04;3120
1231;41;2024-06-05;1500
1232;151;2022-12-24;5100
1233;171;2023-07-19;4240
1234;945;2023-04-30;200
1235;530;2023-12-17;2120
1236;614;2024-05-27;8700
1237;653;2022-11-16;2740
1238;900;2024-11-02;3500
1239;746;2024-09-04;12600
1240;842;2023-08-14;5250
1241;970;2023-01-23;2600
1242;222;2024-01-30;9000
1243;622;2024-02-22;7940
1244;889;2024-03-04;5700
1245;175;2023-06-09;9470
1246;851;2023-12-22;1200
1247;616;2023-03-23;200
1248;814;2024-06-15;750
1249;841;2024-12-21;1400
1250;187;2024-07-27;3240
1251;676;2024-04-03;990
1252;271;2023-04-17;3240
1253;742;2024-09-29;9870
1254;351;2024-02-04;240
1255;611;2024-06-23;1100
1256;71;2023-06-20;2500
1257;388;2023-11-26;10500
1258;136;2023-02-16;12000
1259;17;2023-05-23;4500
1260;536;2024-03-27;800
1261;701;2023-12-31;4850
1262;847;2023-03-30;4520
1263;621;2023-02-03;8300
1264;182;2024-02-27;1400
1265;924;2024-07-18;10520
1266;615;2022-12-06;10840
1267;899;2024-04-24;4500
1268;516;2024-12-06;8420
1269;121;2023-01-31;350
1270;494;2024-09-02;1200
1271;134;2024-07-06;800
1272;553;2022-10-29;400
1273;919;2024-12-29;1500
1274;695;2024-08-22;700
1275;442;2024-04-14;6150
1276;431;2023-11-11;3550
1277;896;2022-12-11;520
1278;715;2024-04-22;5140
1279;440;2023-06-19;2400
1280;961;2024-03-04;2520
1281;809;2024-12-23;6900
1282;391;2023-10-21;1750
1283;604;2024-11-25;590
1284;930;2024-12-15;4900
1285;858;2024-10-10;3000
1286;590;2023-02-05;3100
1287;436;2023-03-14;5520
1288;261;2024-02-28;350
1289;785;2023-06-23;2520
1290;932;2023-01-21;4420
1291;291;2024-07-01;4500
1292;898;2024-05-06;400
1293;419;2023-07-18;5500
1294;194;2022-11-02;9400
1295;727;2024-11-27;3070
1296;809;2022-11-04;6900
1297;592;2024-04-15;5370
1298;121;2024-04-12;3200
1299;8;2023-11-16;9800
1300;671;2023-05-26;11400
1301;705;2023-09-16;5500
1302;419;2023-11-02;5940
1303;110;2023-04-04;3000
1304;437;2024-08-25;1000
1305;600;2023-07-14;2400
1306;268;2024-04-28;5200
1307;434;2024-05-28;2400
1308;375;2024-07-15;200
1309;283;2024-09-23;1900
1310;407;2024-12-09;3040
1311;209;2023-12-25;3500
1312;566;2024-05-20;1220
1313;495;2023-04-29;10600
1314;380;2024-05-22;4900
1315;569;2024-03-06;4700
1316;260;2023-09-07;400
1317;592;2023-10-15;350
1318;793;2024-10-19;12400
1319;408;2024-11-19;1500
1320;142;2024-09-02;350
1321;122;2024-12-01;4850
1322;236;2024-01-28;9000
1323;802;2024-10-13;9120
1324;973;2023-04-11;2440
1325;103;2023-06-04;1600
1326;521;2023-12-12;6000
1327;805;2023-10-09;320
1328;821;2024-05-13;120
1329;629;2024-10-10;1740
1330;701;2024-10-20;1640
1331;54;2023-04-10;9320
1332;399;2024-08-09;8200
1333;6;2023-01-29;350
1334;844;2023-03-25;2700
1335;483;2024-07-03;4300
1336;446;2023-01-26;1620
1337;66;2023-07-24;3900
1338;228;2023-11-11;3670
1339;82;2024-07-12;2590
1340;39;2024-11-07;1620
1341;394;2023-12-12;2400
1342;629;2024-08-29;600
1343;534;2023-08-17;4720
1344;729;2024-06-30;11920
1345;59;2024-12-28;4240
1346;840;2023-04-25;200
1347;656;2024-03-17;2400
1348;450;2022-11-07;1700
1349;207;2024-08-30;9000
1350;954;2024-04-10;3220
1351;293;2023-05-15;3200
1352;35;2024-07-02;1850
1353;523;2024-04-08;8800
1354;716;2023-06-22;3000
1355;630;2023-04-19;12900
1356;691;2022-12-03;4900
1357;369;2023-06-29;9700
1358;671;2022-10-28;3840
1359;1000;2023-04-07;200
1360;89;2023-08-06;3400
1361;799;2023-12-11;7650
1362;362;2024-09-12;9000
1363;405;2023-12-17;400
1364;601;2023-05-21;2750
1365;531;2022-11-12;6400
1366;755;2024-10-17;2140
1367;71;2023-01-28;800
1368;563;2023-08-15;3640
1369;744;2024-05-22;3200
1370;937;2024-06-15;10900
1371;357;2023-10-18;4500
1372;987;2023-08-07;6000
1373;232;2024-07-09;800
1374;987;2023-05-15;7300
1375;466;2023-12-15;9100
1376;589;2022-11-01;5220
1377;268;2023-04-25;5700
1378;417;2024-03-29;1040
1379;110;2024-05-22;11700
1380;75;2024-03-26;4500
1381;302;2023-10-11;120
1382;970;2023-02-24;5650
1383;823;2024-04-05;700
1384;980;2023-07-18;3600
1385;898;2024-04-30;1040
1386;833;2024-06-07;7300
1387;257;2024-10-07;9000
1388;454;2023-11-18;350
1389;577;2024-03-06;2300
1390;789;2023-07-04;7100
1391;776;2023-10-10;200
1392;985;2024-12-30;920
1393;470;2024-09-24;3100
1394;472;2024-06-19;870
1395;883;2022-11-25;1500
1396;494;2023-02-24;200
1397;265;2023-01-05;3100
1398;392;2024-08-06;1340
1399;808;2023-06-10;7250
1400;694;2024-10-15;1520
1401;236;2023-09-16;12820
1402;423;2023-10-24;700
1403;529;2024-04-28;350
1404;10;2024-10-14;10200
1405;853;2023-07-24;2400
1406;255;2023-08-18;13440
1407;96;2023-12-10;800
1408;690;2024-12-02;590
1409;841;2023-10-13;800
1410;78;2024-05-17;10320
1411;954;2023-04-28;2940
1412;488;2023-09-14;5400
1413;363;2023-06-08;1440
1414;916;2024-06-06;12640
1415;276;2023-05-03;4900
1416;970;2024-11-30;1900
1417;700;2023-05-10;8000
1418;511;2024-11-20;1500
1419;205;2023-06-25;400
1420;754;2023-07-02;5020
1421;894;2023-07-26;5720
1422;212;2023-06-19;1520
1423;208;2023-07-10;4500
1424;857;2024-07-22;5320
1425;365;2023-04-05;8000
1426;798;2023-02-14;2840
1427;123;2023-01-16;2400
1428;693;2024-09-06;11600
1429;505;2024-07-17;10900
1430;7;2024-12-18;2400
1431;878;2024-05-04;4500
1432;981;2022-12-10;2400
1433;869;2024-03-04;5520
1434;381;2024-07-24;11820
1435;323;2024-03-15;1500
1436;920;2024-06-07;4800
1437;890;2023-08-05;1400
1438;503;2023-05-03;2900
1439;783;2024-04-03;1600
1440;287;2023-12-09;2420
1441;228;2024-12-04;4150
1442;591;2023-03-08;4500
1443;56;2024-04-18;820
1444;819;2024-01-04;12150
1445;490;2024-05-03;400
1446;34;2024-03-25;10700
1447;356;2023-12-05;4900
1448;882;2024-09-29;940
1449;795;2023-04-24;7020
1450;469;2023-02-28;640
1451;716;2024-04-10;8300
1452;472;2023-09-16;520
1453;706;2022-11-05;3100
1454;13;2024-09-17;9120
1455;216;2023-11-20;470
1456;595;2023-02-08;11420
1457;334;2023-11-02;11000
1458;628;2023-07-20;240
1459;192;2024-05-11;5870
1460;270;2023-06-27;10600
1461;276;2024-02-22;350
1462;982;2024-07-16;400
1463;352;2023-11-06;6600
1464;189;2024-03-21;3240
1465;435;2023-05-31;3000
1466;430;2024-10-14;3800
1467;771;2023-11-13;3240
1468;374;2023-12-12;1200
1469;287;2024-02-01;4020
1470;185;2024-06-04;3000
1471;135;2024-06-08;9350
1472;703;2023-06-19;3350
1473;834;2023-02-07;4540
1474;739;2023-07-31;10900
1475;824;2023-06-26;4500
1476;569;2024-01-13;4700
1477;877;2023-11-22;7600
1478;201;2023-03-26;10820
1479;820;2024-11-22;200
1480;154;2024-02-24;5820
1481;826;2022-11-06;9000
1482;181;2024-01-02;1640
1483;512;2023-03-14;990
1484;915;2024-08-03;1600
1485;530;2024-04-26;12000
1486;738;2023-09-16;4500
1487;805;2024-03-09;3270
1488;308;2023-07-11;240
1489;576;2024-05-31;3450
1490;49;2023-12-09;3740
1491;102;2024-10-04;3100
1492;168;2022-12-28;12900
1493;221;2023-07-15;9590
1494;488;2024-08-02;640
1495;99;2024-01-31;1220
1496;763;2023-10-05;350
1497;267;2023-11-01;1200
1498;369;2024-05-23;5000
1499;571;2023-07-18;10300
1500;353;2022-11-17;3120
1501;422;2023-03-01;4850
1502;360;2024-09-22;200
1503;987;2024-07-09;1840
1504;204;2024-06-09;1440
1505;590;2024-08-23;120
1506;665;2024-05-01;1500
1507;179;2025-01-04;3050
1508;292;2023-10-26;1850
1509;333;2024-09-16;200
1510;523;2024-03-10;800
1511;794;2024-11-20;870
1512;458;2023-01-16;920
1513;391;2024-07-17;4740
1514;294;2024-02-14;3240
1515;647;2023-03-25;6220
1516;890;2023-04-17;12040
1517;656;2023-10-08;4500
1518;432;2024-08-04;2700
1519;628;2024-06-04;12000
1520;415;2023-01-09;3000
1521;82;2023-04-11;7650
1522;352;2023-06-18;1900
1523;322;2023-09-17;900
1524;669;2023-08-22;9240
1525;728;2023-07-28;2750
1526;620;2024-08-18;120
1527;405;2023-08-01;400
1528;909;2024-01-26;400
1529;800;2023-11-03;8000
1530;766;2024-06-20;400
1531;534;2024-02-01;1700
1532;424;2023-04-17;240
1533;189;2022-11-20;4500
1534;129;2024-11-11;12100
1535;241;2024-09-04;10000
1536;258;2024-11-27;13100
1537;718;2024-12-03;1620
1538;82;2023-05-31;5370
1539;171;2023-12-08;2640
1540;106;2023-02-02;4900
1541;66;2024-02-24;7250
1542;562;2022-12-22;12600
1543;27;2024-12-25;3520
1544;407;2024-04-16;2400
1545;784;2023-01-21;3800
1546;107;2023-07-23;5100
1547;633;2023-04-05;1440
1548;87;2024-08-28;2500
1549;954;2023-12-01;10500
1550;317;2023-06-19;13400
1551;254;2024-11-21;4540
1552;291;2024-01-24;640
1553;642;2023-03-06;4500
1554;135;2024-04-19;400
1555;859;2023-04-20;4200
1556;30;2022-12-02;9400
1557;680;2023-10-28;240
1558;882;2023-09-26;950
1559;885;2024-02-27;5050
1560;479;2024-05-03;1040
1561;958;2023-08-02;400
1562;562;2024-01-26;800
1563;139;2024-10-11;10200
1564;553;2023-04-27;1200
1565;606;2024-06-30;7300
1566;468;2024-08-04;3750
1567;767;2024-08-09;870
1568;899;2024-05-27;4900
1569;446;2024-04-16;5700
1570;656;2024-08-12;400
1571;547;2023-09-10;4440
1572;931;2023-10-18;1790
1573;494;2024-05-02;11020
1574;233;2023-01-27;3950
1575;453;2023-09-08;2140
1576;375;2023-12-24;6140
1577;267;2023-04-05;990
1578;311;2022-11-07;2600
1579;1;2024-04-15;1200
1580;835;2024-12-12;640
1581;869;2023-03-16;1900
1582;353;2023-08-17;9900
1583;481;2024-04-27;10600
1584;9;2024-10-01;2600
1585;945;2024-03-14;3700
1586;970;2024-12-09;6240
1587;489;2023-08-30;6900
1588;10;2024-12-20;800
1589;441;2023-08-23;11300
1590;612;2023-06-21;3900
1591;816;2022-11-04;9350
1592;562;2023-11-14;1670
1593;194;2023-12-23;1140
1594;904;2024-05-24;1820
1595;448;2023-12-06;120
1596;256;2023-04-13;120
1597;733;2024-11-20;7140
1598;662;2023-12-01;2400
1599;849;2023-11-19;200
1600;226;2023-07-24;1840
1601;82;2024-01-03;120
1602;641;2023-06-30;3820
1603;530;2024-12-18;400
1604;820;2024-07-16;8520
1605;827;2024-10-07;1500
1606;702;2023-08-02;1470
1607;292;2024-08-22;3000
1608;761;2024-04-24;700
1609;829;2023-07-30;7600
1610;423;2023-05-08;4900
1611;874;2023-01-06;3600
1612;187;2023-03-16;2900
1613;297;2023-02-18;1220
1614;653;2024-02-06;11000
1615;633;2024-02-03;2950
1616;279;2024-10-14;9470
1617;638;2024-03-14;9000
1618;193;2023-09-21;4820
1619;20;2023-04-01;400
1620;51;2024-04-27;800
1621;23;2023-05-06;11800
1622;996;2023-02-09;5050
1623;289;2023-07-30;9000
1624;129;2024-10-29;2400
1625;449;2024-11-10;6520
1626;9;2023-06-23;1850
1627;93;2023-03-31;4220
1628;16;2024-03-16;2700
1629;223;2023-10-13;5240
1630;431;2023-09-12;2840
1631;805;2024-03-21;9000
1632;381;2024-02-14;550
1633;714;2022-11-29;350
1634;339;2023-01-18;4850
1635;864;2024-12-04;350
1636;975;2023-03-26;5220
1637;58;2023-07-27;7220
1638;795;2023-12-03;4700
1639;74;2024-05-06;1440
1640;482;2023-05-01;3200
1641;197;2023-07-11;200
1642;837;2023-11-22;10140
1643;849;2022-11-09;200
1644;125;2024-12-22;1640
1645;732;2023-07-09;3640
1646;395;2024-12-25;1840
1647;999;2024-01-24;1900
1648;254;2024-11-21;9400
1649;35;2023-05-19;400
1650;472;2024-11-18;8650
1651;790;2023-02-01;1550
1652;534;2024-09-08;400
1653;214;2024-02-24;5940
1654;399;2024-09-24;1740
1655;985;2023-09-12;2840
1656;959;2023-09-23;3200
1657;163;2024-08-02;7100
1658;746;2022-12-10;1600
1659;763;2024-05-12;2490
1660;534;2023-03-02;9900
1661;260;2024-03-03;4700
1662;654;2023-08-29;800
1663;204;2023-11-01;10200
1664;909;2022-12-20;800
1665;885;2024-09-09;2000
1666;224;2023-02-20;1500
1667;242;2024-08-06;11600
1668;445;2023-09-25;350
1669;16;2023-04-17;700
1670;814;2023-08-06;520
1671;599;2023-02-27;520
1672;406;2023-07-03;6100
1673;10;2022-12-10;350
1674;596;2024-10-04;1750
1675;487;2024-10-01;6140
1676;611;2023-04-04;400
1677;381;2024-12-25;9120
1678;92;2023-07-09;1540
1679;162;2024-03-22;6040
1680;94;2024-09-29;240
1681;634;2023-10-09;3100
1682;954;2024-12-13;120
1683;641;2022-12-28;3170
1684;62;2023-10-27;6000
1685;661;2023-04-03;200
1686;719;2024-04-29;2100
1687;811;2023-02-14;3520
1688;129;2024-03-10;12000
1689;239;2023-09-17;5250
1690;572;2024-08-18;200
1691;775;2023-10-18;4500
1692;825;2024-01-20;6500
1693;751;2023-05-13;12100
1694;22;2024-10-02;7500
1695;387;2023-10-29;11700
1696;742;2023-03-14;400
1697;257;2022-12-07;7550
1698;497;2024-10-20;1840
1699;449;2024-05-22;4320
1700;302;2024-05-05;2940
1701;714;2024-03-12;2420
1702;195;2024-05-30;13140
1703;192;2024-05-06;9120
1704;357;2023-09-24;9000
1705;750;2024-02-19;12400
1706;282;2024-07-02;4200
1707;937;2024-05-17;1550
1708;165;2023-01-06;5640
1709;544;2023-04-04;1640
1710;461;2023-08-26;750
1711;840;2023-07-24;400
1712;555;2023-11-07;1200
1713;465;2022-10-28;3620
1714;795;2024-08-11;2640
1715;519;2023-11-20;320
1716;752;2023-05-05;3350
1717;905;2022-11-16;3820
1718;635;2023-11-04;4200
1719;795;2024-07-24;200
1720;245;2023-09-21;1270
1721;739;2022-12-31;7700
1722;675;2024-05-01;4500
1723;839;2023-11-28;7600
1724;195;2024-04-16;3120
1725;700;2024-03-20;9000
1726;785;2024-05-14;7300
1727;158;2024-07-16;4620
1728;290;2023-09-23;6100
1729;420;2024-08-14;2700
1730;330;2023-02-18;2600
1731;99;2024-04-15;9000
1732;675;2023-01-04;400
1733;45;2023-03-09;6400
1734;183;2022-11-29;6520
1735;207;2023-02-14;1900
1736;498;2023-05-12;2800
1737;102;2022-11-29;10150
1738;585;2024-08-15;9750
1739;857;2023-11-29;12050
1740;674;2024-03-12;120
1741;539;2024-07-27;1600
1742;719;2024-06-23;1200
1743;263;2022-12-17;5740
1744;376;2023-06-11;8400
1745;621;2024-11-01;3670
1746;73;2022-11-10;240
1747;953;2023-05-29;800
1748;672;2024-03-14;1000
1749;951;2023-01-17;5700
1750;480;2024-08-12;10850
1751;63;2023-11-01;13100
1752;572;2024-11-27;9700
1753;961;2023-12-27;5400
1754;842;2023-11-09;3000
1755;814;2024-10-22;3200
1756;60;2024-07-20;3200
1757;273;2024-04-21;800
1758;42;2024-11-17;520
1759;73;2023-09-04;640
1760;80;2023-06-06;1200
1761;984;2024-04-11;10790
1762;100;2023-02-08;1700
1763;743;2023-06-21;2600
1764;545;2023-11-26;800
1765;195;2023-05-13;400
1766;539;2024-08-30;240
1767;255;2024-06-02;12120
1768;641;2023-04-29;11300
1769;572;2024-12-03;12000
1770;572;2023-12-27;350
1771;765;2023-02-13;3800
1772;785;2024-08-11;200
1773;591;2023-10-29;4440
1774;691;2024-02-09;400
1775;720;2024-09-08;1320
1776;438;2023-02-11;7900
1777;171;2023-04-30;4500
1778;564;2023-12-13;9750
1779;517;2023-10-08;6400
1780;674;2023-04-07;4490
1781;547;2024-07-03;990
1782;454;2023-10-23;3500
1783;925;2023-09-15;5120
1784;564;2023-09-25;7840
1785;866;2023-11-12;120
1786;423;2024-12-18;1320
1787;649;2024-01-11;1140
1788;846;2024-11-09;1200
1789;332;2024-07-12;5770
1790;247;2024-05-26;240
1791;559;2023-06-04;2300
1792;385;2024-12-20;4450
1793;564;2024-11-28;11400
1794;261;2023-10-31;10320
1795;985;2024-02-03;9920
1796;459;2023-12-08;10020
1797;1;2024-11-09;4500
1798;36;2023-08-15;1200
1799;611;2022-11-13;350
1800;531;2023-03-15;5640
1801;912;2023-09-02;1600
1802;7;2023-08-31;400
1803;228;2023-06-04;10400
1804;877;2023-09-15;6550
1805;23;2024-12-26;2400
1806;842;2024-10-03;2700
1807;843;2023-08-06;6100
1808;942;2024-05-16;940
1809;524;2024-05-19;10200
1810;585;2024-06-04;9900
1811;159;2023-02-01;1500
1812;39;2024-02-11;1500
1813;365;2023-04-05;4250
1814;142;2023-07-26;2450
1815;376;2024-06-15;12400
1816;256;2023-06-23;1020
1817;263;2023-08-31;4600
1818;95;2024-06-03;200
1819;410;2024-06-01;5400
1820;940;2023-06-07;8540
1821;752;2023-01-15;700
1822;741;2023-09-25;5050
1823;812;2024-03-05;3200
1824;178;2024-03-10;800
1825;846;2024-10-03;1200
1826;720;2024-06-09;4900
1827;840;2023-02-02;3550
1828;610;2024-08-15;350
1829;308;2022-12-05;3200
1830;749;2024-06-09;1440
1831;391;2023-01-16;440
1832;799;2022-12-24;940
1833;944;2024-12-25;640
1834;343;2023-10-19;9870
1835;901;2024-01-15;2940
1836;427;2023-02-28;1900
1837;891;2024-12-24;3400
1838;233;2024-12-01;11800
1839;669;2024-07-05;3000
1840;951;2022-11-08;3950
1841;650;2025-01-01;350
1842;648;2023-11-23;2400
1843;56;2023-09-05;9120
1844;537;2022-12-09;6000
1845;327;2024-05-02;9900
1846;579;2023-03-30;9520
1847;335;2024-03-25;13900
1848;715;2023-06-11;9000
1849;157;2022-12-18;1150
1850;690;2024-11-15;9000
1851;403;2024-01-27;2000
1852;771;2024-06-28;1500
1853;590;2024-03-27;5720
1854;93;2023-06-12;3400
1855;443;2023-08-20;400
1856;806;2023-12-05;3900
1857;152;2023-03-12;1900
1858;345;2023-01-20;2650
1859;488;2024-06-04;12350
1860;764;2022-12-17;4900
1861;562;2023-12-10;1000
1862;269;2023-01-23;4620
1863;409;2024-03-24;9600
1864;445;2024-12-28;11700
1865;715;2023-03-10;400
1866;781;2023-03-15;4500
1867;493;2024-05-22;1900
1868;203;2024-03-10;2550
1869;405;2024-08-25;600
1870;586;2023-05-16;520
1871;575;2024-07-19;4900
1872;754;2024-04-16;1100
1873;253;2023-07-03;9000
1874;74;2023-07-27;4500
1875;796;2024-01-11;4420
1876;332;2024-09-28;12500
1877;947;2024-06-08;3000
1878;92;2023-02-20;200
1879;688;2023-12-25;3000
1880;434;2023-11-06;11320
1881;357;2023-05-11;700
1882;329;2023-10-15;5700
1883;609;2024-08-29;2720
1884;25;2024-12-24;2300
1885;313;2023-04-19;9700
1886;359;2024-07-20;700
1887;842;2024-01-23;1900
1888;639;2023-03-26;750
1889;452;2022-12-12;3400
1890;947;2023-06-24;9400
1891;205;2024-09-28;12000
1892;383;2023-04-05;3500
1893;776;2024-11-11;10970
1894;874;2023-01-23;2440
1895;116;2024-11-23;2750
1896;56;2023-07-03;520
1897;972;2024-07-24;1000
1898;949;2023-03-28;9120
1899;890;2023-08-18;6550
1900;15;2023-10-14;590
1901;711;2023-02-18;120
1902;313;2024-01-31;1640
1903;483;2022-11-20;6320
1904;340;2023-05-30;6000
1905;758;2024-04-30;2250
1906;217;2023-05-24;3000
1907;560;2024-04-15;8520
1908;769;2023-07-19;350
1909;562;2024-03-05;4620
1910;638;2024-11-13;6220
1911;145;2024-10-08;8820
1912;716;2024-09-11;900
1913;19;2023-11-17;1850
1914;597;2024-09-06;4440
1915;540;2022-12-11;350
1916;262;2023-04-20;5850
1917;62;2023-08-14;200
1918;206;2024-10-10;3670
1919;633;2023-08-01;10440
1920;55;2024-02-16;6120
1921;671;2022-11-05;240
1922;69;2023-11-29;240
1923;677;2023-08-01;2800
1924;679;2024-09-02;5370
1925;369;2023-02-15;6900
1926;20;2023-08-23;4140
1927;889;2024-08-22;120
1928;396;2023-06-21;11300
1929;390;2024-03-31;520
1930;727;2023-02-06;4940
1931;926;2023-09-16;5300
1932;497;2024-06-30;6200
1933;545;2023-01-26;4300
1934;191;2023-05-19;11640
1935;513;2024-02-08;4500
1936;575;2024-10-26;400
1937;23;2022-12-07;4500
1938;254;2024-04-22;800
1939;313;2023-10-04;11400
1940;502;2023-12-04;1200
1941;763;2023-04-06;11650
1942;19;2023-10-18;10500
1943;701;2023-10-23;1200
1944;364;2024-07-29;12000
1945;310;2023-06-26;120
1946;514;2023-08-06;9990
1947;832;2022-12-30;1870
1948;641;2023-07-18;4340
1949;900;2023-11-28;12520
1950;912;2022-11-27;3200
1951;967;2024-05-18;6220
1952;972;2023-08-10;4500
1953;231;2023-04-01;2700
1954;350;2023-12-04;400
1955;673;2023-03-17;9000
1956;90;2024-11-13;10750
1957;392;2024-04-13;800
1958;984;2024-09-21;200
1959;628;2024-07-29;200
1960;703;2023-06-17;200
1961;428;2023-07-01;4900
1962;587;2023-04-02;240
1963;437;2023-09-12;10600
1964;932;2024-07-08;120
1965;338;2024-01-30;7600
1966;556;2023-03-11;3220
1967;212;2024-08-26;9000
1968;142;2024-06-13;1550
1969;555;2024-09-27;6900
1970;820;2023-05-23;9000
1971;884;2023-03-18;400
1972;317;2024-10-02;700
1973;723;2024-04-16;400
1974;932;2023-03-15;750
1975;441;2024-12-24;9000
1976;149;2024-08-29;700
1977;956;2024-05-28;400
1978;940;2023-04-07;3840
1979;326;2023-01-05;5400
1980;571;2024-04-25;1500
1981;972;2024-11-02;400
1982;122;2023-05-04;14400
1983;326;2023-03-26;400
1984;745;2022-11-27;4200
1985;784;2023-09-19;10340
1986;902;2023-12-25;3100
1987;985;2023-12-23;200
1988;311;2024-01-24;9590
1989;764;2024-08-10;400
1990;956;2024-11-22;1200
1991;281;2023-04-01;1600
1992;798;2023-05-08;13400
1993;110;2023-03-11;4700
1994;190;2022-11-23;7450
1995;781;2024-07-15;1900
1996;632;2023-07-28;520
1997;621;2024-05-30;2140
1998;628;2023-06-21;2840
1999;611;2023-06-22;3340
2000;237;2024-09-30;200
2001;27;2023-10-30;9400
2002;82;2024-10-01;920
2003;799;2024-02-28;1440
2004;138;2024-03-25;5540
2005;867;2024-07-08;10340
2006;481;2024-10-26;9200
2007;666;2023-11-14;9820
2008;189;2023-11-28;8000
2009;504;2024-02-25;800
2010;141;2023-04-13;11540
2011;198;2023-06-16;11140
2012;34;2023-12-20;4740
2013;783;2022-11-12;10100
2014;948;2023-07-31;4500
2015;974;2023-12-24;1850
2016;228;2024-11-26;10720
2017;688;2023-05-23;1200
2018;776;2023-05-25;2300
2019;68;2023-04-27;3540
2020;950;2024-01-20;2400
2021;888;2024-07-20;4500
2022;502;2024-10-01;1120
2023;333;2024-02-08;3600
2024;909;2023-07-07;7800
2025;438;2023-12-16;6400
2026;795;2022-12-09;2420
2027;623;2024-11-18;1200
2028;845;2023-11-21;2590
2029;738;2023-09-13;2850
2030;404;2024-07-15;520
2031;962;2024-11-26;640
2032;586;2024-06-27;3700
2033;550;2024-04-17;9990
2034;657;2024-10-18;3100
2035;806;2022-12-06;2400
2036;534;2023-02-16;3290
2037;463;2024-02-07;11000
2038;847;2022-12-10;5770
2039;899;2023-07-06;3720
2040;532;2024-04-30;1000
2041;406;2024-11-18;5200
2042;41;2024-05-21;10000
2043;397;2024-04-08;1500
2044;784;2024-08-03;4900
2045;986;2022-12-17;940
2046;195;2023-08-22;9400
2047;451;2023-12-09;1220
2048;906;2023-09-04;2300
2049;793;2023-08-16;2400
2050;473;2023-04-16;350
2051;433;2023-08-25;3000
2052;628;2022-12-22;9800
2053;707;2024-04-09;6900
2054;926;2023-03-22;3200
2055;475;2024-08-19;4700
2056;463;2023-01-28;700
2057;740;2024-03-23;14600
2058;116;2023-04-30;1900
2059;798;2024-06-18;400
2060;961;2024-10-09;10550
2061;560;2023-03-15;700
2062;403;2023-12-25;1850
2063;332;2024-02-01;6000
2064;26;2023-04-29;4140
2065;465;2024-06-23;3070
2066;919;2024-10-26;1120
2067;918;2023-05-22;1620
2068;904;2024-02-05;9350
2069;93;2023-07-11;2370
2070;332;2024-10-05;4900
2071;665;2024-10-25;520
2072;816;2023-04-13;700
2073;736;2024-11-16;12500
2074;127;2023-01-29;1500
2075;117;2024-10-20;1720
2076;461;2024-08-07;3200
2077;372;2023-01-23;1500
2078;537;2024-10-21;5840
2079;394;2024-11-10;5250
2080;811;2024-04-03;2400
2081;627;2023-04-09;9400
2082;388;2024-05-13;11300
2083;390;2022-12-11;11600
2084;787;2023-04-20;350
2085;935;2023-10-06;13200
2086;580;2024-09-02;4300
2087;884;2023-03-30;2000
2088;167;2023-03-25;3900
2089;184;2024-12-23;13440
2090;730;2022-12-19;200
2091;430;2023-09-08;5800
2092;317;2024-11-13;3000
2093;788;2024-01-27;6470
2094;296;2024-07-30;3420
2095;186;2023-02-25;800
2096;921;2023-03-11;11400
2097;984;2023-05-23;11750
2098;4;2024-07-26;2600
2099;784;2023-07-14;4500
2100;13;2024-02-09;11200
2101;510;2024-03-21;1390
2102;557;2022-11-02;12550
2103;623;2024-03-16;7300
2104;244;2023-06-07;400
2105;603;2024-09-02;1000
2106;488;2024-02-04;350
2107;420;2024-01-23;700
2108;82;2024-07-04;1100
2109;615;2022-11-03;1200
2110;251;2024-05-10;1040
2111;285;2024-07-23;3240
2112;644;2024-05-20;4500
2113;840;2023-05-28;3120
2114;51;2023-05-05;240
2115;152;2022-12-23;2400
2116;669;2023-10-20;1200
2117;38;2023-03-25;800
2118;875;2022-11-30;4500
2119;684;2024-06-10;10620
2120;859;2024-07-06;7020
2121;306;2023-10-02;6590
2122;943;2023-01-25;8700
2123;51;2023-02-16;990
2124;427;2023-04-28;2000
2125;166;2024-09-15;6100
2126;292;2024-07-14;10820
2127;677;2024-10-05;9320
2128;717;2024-06-28;2400
2129;587;2024-05-25;1500
2130;182;2024-02-06;1940
2131;768;2024-06-11;5000
2132;369;2022-12-03;900
2133;96;2024-12-22;1440
2134;307;2023-09-23;12000
2135;378;2023-11-20;2400
2136;840;2023-01-05;12100
2137;777;2024-01-08;5900
2138;864;2024-05-13;1500
2139;67;2023-08-23;9800
2140;483;2023-03-14;350
2141;125;2024-10-08;5300
2142;881;2023-08-05;13040
2143;338;2024-04-19;350
2144;424;2024-04-17;9700
2145;215;2024-10-09;600
2146;215;2024-07-15;4500
2147;60;2023-02-16;2600
2148;586;2024-11-13;240
2149;645;2024-04-21;9000
2150;90;2024-03-06;200
2151;742;2024-10-02;1100
2152;620;2024-10-20;7100
2153;295;2024-01-08;2590
2154;624;2023-09-17;4850
2155;266;2024-04-18;2370
2156;589;2024-07-27;400
2157;363;2023-03-09;9120
2158;630;2024-05-26;10900
2159;509;2024-04-12;3920
2160;747;2024-08-05;2250
2161;510;2024-03-15;12150
2162;828;2023-04-30;13500
2163;905;2024-07-13;400
2164;239;2024-10-22;2940
2165;298;2023-05-14;9800
2166;2;2023-02-26;4520
2167;25;2024-02-16;9000
2168;641;2023-02-25;2600
2169;756;2023-05-28;6140
2170;819;2024-07-19;1040
2171;425;2023-12-25;4500
2172;47;2023-10-04;1500
2173;359;2024-05-23;10150
2174;826;2024-08-10;4620
2175;218;2022-11-08;5240
2176;656;2023-05-22;4150
2177;707;2023-08-12;240
2178;261;2023-01-05;10320
2179;316;2023-08-31;9400
2180;519;2024-05-13;3440
2181;332;2024-12-21;6820
2182;7;2023-02-21;870
2183;703;2023-10-04;5890
2184;350;2023-12-07;700
2185;742;2024-06-01;1200
2186;631;2022-11-26;3000
2187;853;2023-04-25;3200
2188;199;2023-10-01;4550
2189;854;2023-10-09;12750
2190;945;2024-09-15;3000
2191;491;2024-02-25;3400
2192;817;2022-12-03;5100
2193;662;2023-03-16;9870
2194;494;2023-04-05;590
2195;643;2024-02-11;400
2196;914;2024-04-29;3790
2197;918;2023-10-06;4850
2198;474;2023-12-25;4850
2199;951;2024-11-26;870
2200;58;2024-04-13;6220
2201;307;2024-05-28;12000
2202;743;2024-09-21;2400
2203;324;2024-05-18;10220
2204;549;2022-11-16;7200
2205;214;2024-06-10;350
2206;702;2023-10-02;1200
2207;819;2023-10-25;7400
2208;68;2023-03-29;3590
2209;288;2022-11-28;12520
2210;348;2023-11-16;1500
2211;642;2024-04-27;5800
2212;863;2023-04-15;1200
2213;585;2024-07-09;13140
2214;399;2023-05-07;1500
2215;610;2023-02-24;1620
2216;886;2024-12-05;4550
2217;316;2024-10-19;920
2218;879;2023-09-15;10150
2219;727;2022-11-29;1500
2220;279;2023-12-25;5090
2221;89;2024-03-19;1820
2222;899;2023-06-28;1700
2223;381;2024-02-02;1640
2224;850;2023-09-02;320
2225;222;2024-04-17;9800
2226;310;2023-04-25;13100
2227;115;2023-11-15;3550
2228;804;2022-12-05;3040
2229;797;2023-05-22;6150
2230;936;2023-01-30;9240
2231;455;2024-03-29;12400
2232;26;2024-03-05;5520
2233;927;2024-03-23;2040
2234;158;2023-05-10;1120
2235;349;2024-03-06;5800
2236;751;2024-04-16;400
2237;318;2024-12-30;5440
2238;336;2023-03-23;11320
2239;788;2023-02-05;9800
2240;842;2024-04-08;3000
2241;693;2023-03-12;1040
2242;211;2024-11-07;6700
2243;38;2024-02-10;700
2244;397;2024-10-27;1740
2245;886;2024-04-14;5400
2246;119;2022-11-01;6620
2247;319;2022-12-12;2920
2248;704;2024-06-27;6350
2249;893;2023-01-25;4220
2250;342;2024-02-18;6290
2251;911;2022-12-14;2800
2252;106;2024-04-13;4620
2253;785;2024-09-01;3670
2254;764;2023-09-12;1590
2255;24;2024-06-10;640
2256;777;2023-09-12;1900
2257;655;2023-05-30;1720
2258;329;2023-05-21;2000
2259;198;2023-08-17;2400
2260;284;2024-04-25;9000
2261;327;2024-12-27;1500
2262;452;2024-09-14;8520
2263;121;2023-08-03;1200
2264;153;2023-04-07;6900
2265;281;2023-02-22;9700
2266;16;2024-07-26;5600
2267;574;2024-04-06;2220
2268;105;2023-05-27;1850
2269;556;2023-10-21;720
2270;563;2023-09-19;10600
2271;278;2023-03-21;10550
2272;966;2024-10-18;400
2273;824;2023-08-14;400
2274;588;2023-07-05;10220
2275;176;2023-01-08;700
2276;319;2024-07-16;4850
2277;914;2023-10-09;10840
2278;554;2024-01-25;8000
2279;52;2023-03-10;400
2280;30;2024-02-22;200
2281;925;2024-09-18;13100
2282;52;2023-02-13;1500
2283;393;2022-12-22;4240
2284;89;2024-01-07;1200
2285;402;2023-04-29;4900
2286;722;2024-06-29;9350
2287;913;2024-06-25;120
2288;645;2024-10-03;4700
2289;717;2024-01-27;5300
2290;632;2023-10-27;240
2291;320;2023-10-03;10790
2292;838;2023-05-18;3800
2293;731;2024-12-12;12120
2294;687;2024-04-26;6240
2295;81;2024-12-09;120
2296;783;2024-02-16;7500
2297;582;2023-03-11;800
2298;96;2024-10-12;5100
2299;480;2023-02-04;4500
2300;467;2023-09-10;6500
2301;701;2024-08-17;5800
2302;728;2024-12-20;3720
2303;477;2024-02-21;9000
2304;238;2023-06-14;1000
2305;148;2024-07-20;12000
2306;265;2023-11-04;4420
2307;402;2023-05-03;5540
2308;717;2024-09-08;9440
2309;339;2023-09-25;1400
2310;465;2024-03-10;4200
2311;31;2023-01-02;2700
2312;487;2023-02-20;1320
2313;360;2024-03-01;8400
2314;473;2023-04-20;4300
2315;290;2024-12-22;6350
2316;357;2024-07-07;3000
2317;589;2023-03-07;3340
2318;521;2023-02-10;9000
2319;416;2024-10-28;4850
2320;816;2023-02-14;11400
2321;334;2024-05-19;1920
2322;666;2023-01-08;400
2323;812;2023-09-02;6300
2324;546;2024-02-12;550
2325;411;2024-06-23;240
2326;424;2023-06-29;2400
2327;636;2023-07-04;2350
2328;562;2023-04-08;9400
2329;998;2024-03-04;1100
2330;394;2023-01-03;5890
2331;349;2023-05-29;1320
2332;834;2024-10-07;400
2333;606;2024-01-12;1600
2334;804;2024-01-16;5940
2335;581;2023-10-13;4650
2336;558;2024-10-07;11700
2337;242;2023-04-23;7500
2338;679;2024-09-12;9470
2339;80;2024-11-23;3800
2340;954;2024-10-25;1920
2341;588;2024-03-09;1620
2342;118;2024-06-25;240
2343;611;2024-02-14;6520
2344;334;2024-05-18;2800
2345;100;2024-01-26;350
2346;181;2023-09-08;12400
2347;979;2023-12-17;840
2348;72;2024-07-01;5320
2349;112;2024-09-28;5490
2350;834;2024-06-29;8700
2351;790;2023-11-20;820
2352;336;2024-03-17;200
2353;661;2024-09-03;3950
2354;63;2023-01-28;3000
2355;223;2023-03-19;2400
2356;909;2024-06-13;3900
2357;925;2024-12-09;1700
2358;652;2022-10-28;3200
2359;776;2023-03-27;3450
2360;677;2023-03-29;2700
2361;464;2024-04-24;120
2362;299;2023-12-01;4500
2363;631;2024-06-10;8020
2364;458;2023-05-16;800
2365;211;2024-09-24;9470
2366;899;2023-09-17;1140
2367;307;2024-06-02;120
2368;814;2024-09-22;2800
2369;312;2024-01-16;2700
2370;736;2023-10-15;400
2371;92;2024-06-15;4740
2372;9;2024-07-15;2150
2373;523;2023-12-15;1200
2374;868;2023-03-07;400
2375;873;2023-08-25;5900
2376;64;2023-11-10;5750
2377;923;2024-05-12;1500
2378;992;2022-12-21;3820
2379;1;2024-10-17;3700
2380;574;2023-10-30;640
2381;113;2023-08-12;1420
2382;887;2022-11-28;10820
2383;241;2024-01-13;1700
2384;720;2024-06-23;1840
2385;404;2024-07-29;4150
2386;326;2024-10-25;1900
2387;392;2023-12-17;2300
2388;391;2024-01-16;2400
2389;559;2023-06-01;400
2390;679;2023-04-23;700
2391;487;2023-03-19;120
2392;193;2024-05-18;120
2393;394;2023-10-31;200
2394;861;2023-12-29;4850
2395;158;2023-08-19;4740
2396;894;2024-09-13;12350
2397;129;2023-03-14;3450
2398;12;2023-01-09;12800
2399;664;2022-11-13;750
2400;148;2024-11-04;5990
2401;907;2024-03-09;3900
2402;674;2024-01-18;5650
2403;999;2023-03-16;5090
2404;87;2023-03-17;4620
2405;658;2023-12-27;6000
2406;881;2024-02-06;9800
2407;916;2024-10-09;9000
2408;619;2024-01-06;3020
2409;639;2023-04-30;4500
2410;466;2024-04-01;6340
2411;435;2024-05-15;820
2412;840;2024-01-31;9870
2413;394;2023-10-26;1740
2414;232;2023-05-06;2700
2415;435;2024-07-08;2400
2416;8;2024-06-10;2470
2417;511;2024-11-14;1440
2418;243;2024-10-26;8200
2419;514;2023-07-30;6020
2420;421;2024-05-09;1850
2421;591;2023-11-07;1850
2422;35;2022-12-05;520
2423;582;2024-03-05;11300
2424;722;2023-11-09;2400
2425;116;2024-06-13;5200
2426;494;2024-10-04;9400
2427;82;2023-03-22;12500
2428;748;2024-11-14;1790
2429;540;2024-12-04;3600
2430;798;2023-08-10;1840
2431;477;2024-04-09;3200
2432;81;2024-04-15;5840
2433;912;2024-07-13;10300
2434;91;2023-07-06;3000
2435;484;2024-08-03;3900
2436;760;2024-09-06;8140
2437;984;2024-09-11;1600
2438;80;2024-09-27;13100
2439;649;2024-05-02;10700
2440;818;2024-06-12;9470
2441;320;2024-07-16;6450
2442;55;2023-10-14;6200
2443;548;2025-01-02;400
2444;12;2024-02-20;4150
2445;465;2024-04-04;3000
2446;928;2024-02-20;5890
2447;588;2024-11-17;120
2448;340;2024-01-02;3150
2449;362;2023-08-25;400
2450;297;2023-04-17;7900
2451;37;2024-10-08;12100
2452;946;2024-06-30;11650
2453;768;2023-09-04;240
2454;745;2024-05-27;1240
2455;267;2022-12-29;2300
2456;645;2024-02-24;5940
2457;593;2023-04-19;5800
2458;587;2022-12-19;2720
2459;673;2023-08-22;1500
2460;829;2024-11-21;400
2461;640;2022-11-24;3600
2462;294;2024-03-07;4200
2463;85;2023-03-06;400
2464;518;2023-01-14;4900
2465;872;2023-08-08;800
2466;259;2023-03-12;120
2467;631;2023-08-11;350
2468;282;2023-07-18;5720
2469;15;2024-11-25;2640
2470;115;2024-07-07;3640
2471;179;2024-06-24;750
2472;757;2023-03-31;3000
2473;675;2024-01-28;11900
2474;379;2023-04-25;400
2475;268;2024-10-14;400
2476;242;2024-03-07;3320
2477;186;2024-04-20;4400
2478;883;2022-11-30;4000
2479;352;2023-01-22;3520
2480;991;2023-03-25;6640
2481;610;2023-04-03;400
2482;858;2024-03-18;820
2483;771;2023-12-24;3000
2484;789;2023-11-24;3400
2485;244;2024-09-03;3900
2486;451;2024-11-09;400
2487;653;2023-04-17;900
2488;216;2024-06-10;11400
2489;752;2023-10-16;1390
2490;56;2024-08-15;4500
2491;271;2024-12-09;2700
2492;840;2023-02-23;9200
2493;54;2023-04-17;3320
2494;476;2023-12-10;8100
2495;488;2023-09-01;6640
2496;488;2024-11-30;4550
2497;972;2024-12-06;4500
2498;945;2024-04-25;3400
2499;240;2023-11-20;2020
2500;700;2024-10-19;10200
2501;400;2024-02-25;3200
2502;269;2023-03-25;1200
2503;544;2024-01-16;4500
2504;13;2023-08-19;800
2505;950;2024-01-30;2000
2506;392;2024-09-21;4500
2507;324;2024-04-22;9350
2508;700;2022-12-09;8600
2509;100;2024-04-24;6700
2510;653;2023-10-25;11300
2511;980;2024-01-13;800
2512;626;2024-08-25;800
2513;879;2023-08-03;800
2514;344;2023-07-31;590
2515;274;2023-02-05;4500
2516;262;2024-08-28;4500
2517;599;2023-12-02;3800
2518;473;2024-12-27;900
2519;692;2024-12-03;1550
2520;248;2024-11-17;10900
2521;689;2024-06-21;4940
2522;789;2023-05-15;9100
2523;533;2023-10-08;6220
2524;694;2024-10-03;350
2525;185;2023-09-13;4300
2526;561;2022-11-07;5840
2527;689;2022-11-05;600
2528;852;2023-01-05;11720
2529;13;2023-12-23;10200
2530;101;2024-04-17;7340
2531;107;2024-09-28;5900
2532;457;2023-10-22;1740
2533;225;2024-11-08;5140
2534;291;2023-07-12;4900
2535;198;2022-12-01;12440
2536;25;2024-07-23;1500
2537;95;2022-12-25;9920
2538;962;2024-06-27;13400
2539;673;2023-06-07;1300
2540;974;2024-07-02;6640
2541;654;2023-03-01;400
2542;726;2023-02-27;5740
2543;89;2024-07-08;5400
2544;134;2023-11-16;590
2545;673;2024-12-18;3150
2546;922;2024-08-21;4850
2547;580;2023-05-05;2820
2548;918;2023-02-18;1270
2549;713;2023-05-04;7500
2550;260;2023-08-25;7220
2551;479;2024-09-03;11250
2552;959;2023-01-13;1900
2553;655;2024-02-04;11250
2554;945;2023-08-07;3000
2555;788;2024-01-08;3100
2556;709;2024-09-10;640
2557;789;2024-12-24;2740
2558;332;2023-07-18;5700
2559;166;2025-01-04;240
2560;76;2023-08-07;12050
2561;796;2022-12-30;4200
2562;392;2023-11-29;120
2563;341;2022-12-28;3000
2564;265;2023-07-26;1600
2565;183;2024-01-22;4320
2566;72;2024-03-14;7600
2567;951;2023-05-21;1700
2568;625;2023-12-04;8520
2569;183;2024-08-18;5300
2570;504;2023-02-16;700
2571;148;2024-05-03;700
2572;788;2024-01-12;13040
2573;224;2024-07-17;1200
2574;659;2023-02-13;7500
2575;935;2024-01-23;3120
2576;733;2023-07-20;1270
2577;106;2022-12-02;5290
2578;75;2023-01-08;3000
2579;586;2024-11-11;3150
2580;257;2024-12-31;940
2581;457;2022-11-16;9590
2582;919;2024-03-20;11700
2583;153;2024-08-26;6100
2584;656;2022-10-28;200
2585;956;2022-12-05;3200
2586;681;2023-12-01;3800
2587;273;2023-04-01;13000
2588;717;2023-09-30;1550
2589;927;2023-12-02;2400
2590;589;2022-10-31;10200
2591;528;2024-10-21;1200
2592;963;2024-12-25;4390
2593;503;2024-02-29;10640
2594;447;2023-12-15;1670
2595;865;2024-11-11;590
2596;800;2023-01-07;400
2597;554;2023-06-16;120
2598;4;2023-11-25;4500
2599;978;2024-10-02;3000
2600;838;2025-01-03;1200
2601;494;2023-03-01;6000
2602;581;2024-04-28;9000
2603;958;2023-10-30;1200
2604;342;2024-09-25;1500
2605;311;2023-12-12;3120
2606;57;2024-08-05;13100
2607;982;2024-08-20;800
2608;93;2023-11-06;6140
2609;548;2023-10-11;5700
2610;83;2024-02-10;13100
2611;779;2024-12-20;3520
2612;297;2024-08-21;550
2613;208;2023-04-26;1440
2614;568;2022-12-07;2400
2615;991;2023-11-25;4900
2616;677;2023-05-11;10970
2617;307;2024-10-09;1850
2618;400;2023-02-14;940
2619;646;2024-10-02;240
2620;368;2024-03-09;10500
2621;87;2024-08-05;1670
2622;449;2024-11-18;1670
2623;195;2023-03-20;120
2624;37;2023-05-13;3350
2625;26;2024-11-03;700
2626;608;2023-06-29;350
2627;501;2023-11-30;7900
2628;65;2024-05-03;9000
2629;659;2023-09-08;9240
2630;512;2024-04-26;5720
2631;989;2024-01-31;4500
2632;990;2022-11-13;1740
2633;38;2023-10-10;9640
2634;58;2023-10-08;3950
2635;807;2024-11-04;200
2636;44;2023-12-17;2000
2637;122;2023-06-01;8650
2638;827;2024-08-27;1540
2639;684;2024-04-15;9900
2640;470;2024-09-21;9200
2641;892;2024-04-29;2000
2642;153;2024-11-24;2350
2643;594;2023-06-23;6400
2644;948;2023-01-09;10500
2645;38;2024-11-19;9000
2646;145;2024-03-11;800
2647;670;2022-11-16;3990
2648;483;2024-07-22;400
2649;47;2023-07-03;11440
2650;719;2024-08-22;1020
2651;134;2022-11-11;9600
2652;177;2024-08-05;1900
2653;52;2023-09-07;7940
2654;841;2023-02-04;9700
2655;468;2024-07-14;2400
2656;175;2024-06-24;5100
2657;66;2023-02-13;9240
2658;117;2024-03-20;1100
2659;610;2024-07-19;9120
2660;226;2022-12-31;400
2661;824;2023-05-23;400
2662;437;2023-10-08;7320
2663;831;2024-11-21;350
2664;695;2023-12-13;3000
2665;333;2023-02-28;4500
2666;1000;2024-09-27;9920
2667;590;2024-05-08;9350
2668;141;2023-09-22;4950
2669;857;2023-06-03;2650
2670;783;2022-12-13;2700
2671;608;2023-04-23;4500
2672;344;2022-12-31;1470
2673;124;2023-08-04;7900
2674;145;2024-12-11;6850
2675;426;2023-04-18;940
2676;714;2023-11-10;13020
2677;567;2023-04-14;9400
2678;450;2023-07-04;11700
2679;948;2024-06-14;990
2680;42;2023-03-13;1200
2681;103;2024-08-05;6500
2682;628;2023-11-17;2400
2683;797;2023-04-07;8700
2684;17;2024-03-09;4700
2685;83;2022-11-03;6140
2686;8;2023-04-29;4900
2687;949;2023-01-27;9520
2688;724;2024-08-25;6240
2689;608;2023-08-14;700
2690;427;2024-10-07;400
2691;827;2024-12-27;9520
2692;488;2024-10-05;2400
2693;130;2023-05-27;4500
2694;147;2024-08-13;590
2695;278;2024-04-15;10850
2696;462;2023-12-23;800
2697;245;2023-04-24;3640
2698;626;2024-10-05;3200
2699;39;2024-06-29;12000
2700;185;2024-10-31;9640
2701;512;2024-07-15;400
2702;974;2023-01-26;5940
2703;643;2023-09-01;12640
2704;357;2023-12-30;6140
2705;5;2024-05-21;14520
2706;242;2023-05-12;4370
2707;121;2024-04-22;3320
2708;98;2024-07-22;10000
2709;371;2024-12-15;12940
2710;553;2024-03-30;2520
2711;225;2024-02-15;2520
2712;789;2024-07-30;10200
2713;676;2023-05-29;3700
2714;284;2022-12-21;1390
2715;199;2023-02-20;5800
2716;816;2023-03-29;1240
2717;702;2024-02-25;350
2718;510;2023-04-26;14640
2719;164;2024-09-13;200
2720;945;2022-12-11;12200
2721;56;2024-08-18;920
2722;373;2023-08-15;2300
2723;215;2024-01-16;2520
2724;258;2023-10-05;9870
2725;632;2024-12-12;4500
2726;465;2022-12-11;5000
2727;107;2024-11-24;4900
2728;54;2024-04-30;400
2729;181;2023-04-07;12520
2730;805;2022-11-26;120
2731;497;2024-04-07;9120
2732;119;2023-01-08;200
2733;917;2023-06-25;9100
2734;739;2024-01-26;5890
2735;607;2024-06-12;5600
2736;334;2023-12-31;2000
2737;204;2024-12-01;4320
2738;694;2023-09-26;1950
2739;236;2025-01-02;700
2740;113;2023-09-26;9520
2741;234;2023-02-05;1850
2742;243;2024-11-21;2470
2743;423;2023-05-20;900
2744;385;2023-06-10;13140
2745;76;2024-02-22;4320
2746;600;2024-03-07;11800
2747;56;2024-01-17;2150
2748;149;2023-06-06;1500
2749;951;2024-07-13;120
2750;466;2023-04-28;400
2751;397;2023-11-14;12000
2752;140;2024-02-08;1500
2753;738;2023-05-14;320
2754;648;2023-10-30;4620
2755;999;2023-07-31;10040
2756;208;2023-10-06;4500
2757;131;2022-11-29;10000
2758;709;2024-06-01;1620
2759;62;2023-08-11;520
2760;140;2023-02-18;6590
2761;873;2024-02-16;9600
2762;470;2023-12-30;3500
2763;176;2024-12-14;120
2764;352;2023-06-10;12440
2765;908;2023-08-26;9400
2766;619;2023-04-06;12350
2767;809;2024-08-11;1500
2768;976;2024-07-15;1600
2769;928;2023-04-20;2400
2770;592;2024-05-16;2750
2771;876;2023-06-20;3040
2772;89;2023-12-23;120
2773;878;2024-04-14;6740
2774;501;2023-06-06;4700
2775;606;2024-02-24;9000
2776;858;2024-02-13;1000
2777;286;2022-11-11;4820
2778;748;2024-01-09;9940
2779;754;2023-07-07;2600
2780;254;2023-09-28;1220
2781;445;2024-06-12;10850
2782;228;2024-06-24;8800
2783;969;2023-03-29;3800
2784;936;2024-06-06;200
2785;920;2022-11-02;2800
2786;428;2022-12-12;10700
2787;42;2024-02-21;3150
2788;752;2024-12-23;700
2789;517;2022-12-01;4840
2790;436;2024-04-23;7200
2791;404;2024-03-01;600
2792;830;2024-10-10;750
2793;842;2023-02-05;5520
2794;464;2024-03-18;4850
2795;247;2023-01-21;520
2796;572;2024-12-07;10500
2797;13;2024-10-06;7720
2798;750;2023-12-18;5700
2799;973;2023-06-08;10200
2800;136;2023-10-30;350
2801;303;2023-06-29;4500
2802;664;2023-01-28;320
2803;17;2024-03-02;440
2804;686;2023-09-05;1500
2805;166;2024-10-17;8000
2806;471;2024-06-03;400
2807;766;2024-06-16;11000
2808;25;2024-02-05;1600
2809;475;2024-12-26;9000
2810;142;2024-10-17;1440
2811;416;2023-05-05;6170
2812;809;2023-11-11;12800
2813;642;2024-02-15;820
2814;721;2024-08-06;5500
2815;2;2024-07-31;3900
2816;73;2023-11-26;1000
2817;915;2024-10-04;800
2818;341;2024-04-23;7900
2819;34;2023-08-27;800
2820;437;2024-12-06;320
2821;277;2024-10-11;3200
2822;969;2024-07-16;5300
2823;556;2024-06-08;3400
2824;814;2023-05-28;12520
2825;807;2024-09-28;4200
2826;83;2024-07-24;3340
2827;902;2023-10-06;3640
2828;754;2022-12-23;10200
2829;528;2024-09-17;2250
2830;373;2022-12-19;13300
2831;114;2023-11-24;200
2832;375;2024-02-16;3200
2833;634;2022-12-08;14800
2834;375;2023-11-07;2750
2835;180;2024-08-21;400
2836;573;2024-10-18;3000
2837;69;2024-05-24;4500
2838;727;2024-12-28;6640
2839;210;2023-03-18;13600
2840;343;2023-06-29;5940
2841;553;2023-02-21;9240
2842;665;2024-02-29;6520
2843;756;2024-12-06;3200
2844;595;2024-10-16;1500
2845;215;2024-12-07;5350
2846;763;2024-12-15;3740
2847;231;2023-09-21;6900
2848;362;2023-07-28;700
2849;516;2024-09-23;400
2850;434;2023-08-07;3000
2851;56;2022-12-31;6290
2852;382;2023-10-16;2200
2853;464;2024-03-08;1900
2854;514;2024-04-19;10200
2855;850;2023-03-02;1620
2856;482;2024-10-23;3000
2857;545;2024-09-21;3520
2858;846;2024-04-25;120
2859;922;2023-08-23;350
2860;463;2024-07-24;3550
2861;377;2024-09-16;4150
2862;969;2024-10-06;8020
2863;829;2023-01-03;3640
2864;193;2024-02-08;4900
2865;90;2023-01-18;13600
2866;401;2023-04-29;5320
2867;296;2023-01-14;2370
2868;112;2023-04-14;8000
2869;283;2023-02-19;1200
2870;714;2023-03-28;6000
2871;509;2023-03-31;5240
2872;896;2023-05-25;6000
2873;534;2024-07-31;1500
2874;24;2023-08-24;9000
2875;427;2024-09-25;1200
2876;555;2023-03-12;11120
2877;486;2023-10-18;1500
2878;431;2024-01-25;120
2879;756;2024-08-18;7840
2880;22;2023-08-22;1900
2881;194;2022-12-31;2900
2882;23;2023-06-22;700
2883;855;2024-04-12;520
2884;661;2023-10-06;7500
2885;422;2024-06-11;9240
2886;352;2024-08-29;6120
2887;662;2023-09-27;2720
2888;498;2024-06-26;2920
2889;682;2024-10-10;9800
2890;543;2024-05-11;9400
2891;456;2024-02-08;3400
2892;312;2024-05-30;4340
2893;136;2023-09-06;6150
2894;176;2023-07-21;2940
2895;233;2024-03-06;3400
2896;381;2023-08-19;2700
2897;789;2022-12-15;8000
2898;152;2023-10-24;2840
2899;292;2024-02-06;6500
2900;980;2023-04-16;200
2901;634;2023-04-10;1700
2902;729;2024-04-28;7620
2903;293;2023-05-02;120
2904;997;2023-04-25;13150
2905;860;2024-10-22;10820
2906;710;2024-09-09;4700
2907;814;2023-04-03;5720
2908;166;2023-06-28;1190
2909;120;2022-12-09;320
2910;325;2024-06-07;9200
2911;130;2024-01-22;2940
2912;267;2023-11-10;9940
2913;189;2023-05-26;3000
2914;576;2024-10-21;1640
2915;36;2024-09-08;6100
2916;325;2023-10-15;350
2917;152;2023-11-13;4450
2918;460;2024-05-02;7490
2919;999;2023-04-12;8020
2920;547;2023-09-01;11120
2921;125;2022-11-22;3400
2922;415;2024-03-22;9050
2923;787;2023-03-25;700
2924;971;2024-02-09;8250
2925;951;2023-09-20;1790
2926;160;2022-11-01;9200
2927;994;2024-11-22;400
2928;560;2024-03-30;350
2929;340;2024-08-20;3600
2930;723;2023-08-26;2200
2931;486;2023-08-20;700
2932;993;2024-12-08;6000
2933;588;2024-09-09;6200
2934;151;2024-05-28;6000
2935;747;2024-01-23;11990
2936;347;2024-10-02;8540
2937;116;2024-11-15;2400
2938;491;2022-12-08;3990
2939;143;2024-09-21;9240
2940;565;2023-02-24;12400
2941;316;2022-11-22;3000
2942;412;2024-07-21;1500
2943;862;2023-06-10;350
2944;457;2023-10-28;3000
2945;95;2023-09-27;4900
2946;57;2024-07-11;12150
2947;657;2023-05-15;1600
2948;598;2024-04-19;9000
2949;228;2025-01-05;400
2950;959;2024-12-21;4740
2951;285;2023-05-16;15100
2952;24;2023-01-21;9870
2953;552;2024-01-27;11750
2954;694;2024-09-14;4650
2955;981;2023-01-25;4550
2956;1000;2024-04-04;240
2957;404;2023-05-15;700
2958;503;2023-09-18;240
2959;618;2024-07-08;10300
2960;524;2022-12-24;7300
2961;931;2024-09-09;6220
2962;370;2023-12-09;6400
2963;152;2024-10-30;1500
2964;875;2024-01-08;4850
2965;379;2023-11-27;440
2966;382;2022-11-09;1740
2967;292;2023-10-16;10620
2968;360;2023-09-08;3000
2969;457;2024-05-24;240
2970;90;2023-06-05;3600
2971;746;2024-01-25;9400
2972;760;2023-12-27;1820
2973;823;2024-01-24;700
2974;296;2023-04-13;3750
2975;826;2024-11-11;2120
2976;994;2024-01-05;2400
2977;747;2023-12-26;400
2978;143;2024-06-20;12320
2979;613;2023-01-24;1200
2980;148;2023-05-28;3220
2981;311;2024-02-26;520
2982;889;2024-04-17;5100
2983;344;2023-01-03;11990
2984;956;2024-06-23;400
2985;775;2023-11-16;200
2986;91;2022-11-03;600
2987;420;2024-08-12;3400
2988;937;2023-08-03;10900
2989;425;2023-04-25;700
2990;570;2024-02-13;8800
2991;728;2024-05-31;3500
2992;774;2023-03-17;12940
2993;205;2023-05-06;8600
2994;853;2023-11-22;5450
2995;297;2024-05-17;12000
2996;503;2022-12-10;2490
2997;843;2023-09-02;5620
2998;855;2024-06-18;2940
2999;312;2024-03-16;1850
3000;573;2024-11-23;4970
